,bathroomcnt,bedroomcnt,calculatedfinishedsquarefeet,latitude,longitude,poolcnt,regionidzip,yearbuilt,taxvaluedollarcnt
0,1,1,710.0,34444217.95670701,-119258660.18629624,0,97099.0,1966.0,239209.1657619048
1,2,2,1242.0,34444217.95670701,-119258660.18629624,0,97099.0,1970.0,327053.3566666667
2,3,3,1915.0,34444217.95670701,-119258660.18629624,0,97099.0,1980.0,469369.47
3,1,1,710.0,34402131.7470107,-119297843.19572058,0,97098.0,1966.0,269052.1757777778
4,2,2,1242.0,34402131.7470107,-119297843.19572058,0,97098.0,1970.0,276395.87
5,3,3,1915.0,34402131.7470107,-119297843.19572058,0,97098.0,1980.0,411970.07
6,1,1,710.0,34289960.41611024,-119287603.80139224,0,97081.0,1966.0,270447.51933333336
7,2,2,1242.0,34289960.41611024,-119287603.80139224,0,97081.0,1970.0,226858.43
8,3,3,1915.0,34289960.41611024,-119287603.80139224,0,97081.0,1980.0,364449.72
9,1,1,710.0,34355534.0745491,-119072494.11683367,0,97113.0,1966.0,155386.6707777778
10,2,2,1242.0,34355534.0745491,-119072494.11683367,0,97113.0,1970.0,161196.55
11,3,3,1915.0,34355534.0745491,-119072494.11683367,0,97113.0,1980.0,362740.01
12,1,1,710.0,34401447.69152886,-118919464.03746203,0,97094.0,1966.0,113029.05411904759
13,2,2,1242.0,34401447.69152886,-118919464.03746203,0,97094.0,1970.0,231499.2
14,3,3,1915.0,34401447.69152886,-118919464.03746203,0,97094.0,1980.0,349319.71
15,1,1,710.0,34271923.048739225,-119222756.9069524,0,97083.0,1966.0,161163.47323590587
16,2,2,1242.0,34271923.048739225,-119222756.9069524,0,97083.0,1970.0,228520.2775
17,3,3,1915.0,34271923.048739225,-119222756.9069524,0,97083.0,1980.0,391167.93
18,1,1,710.0,34277825.27247303,-119170809.96923691,0,97084.0,1966.0,156910.1228968254
19,2,2,1242.0,34277825.27247303,-119170809.96923691,0,97084.0,1970.0,299083.99
20,3,3,1915.0,34277825.27247303,-119170809.96923691,0,97084.0,1980.0,325748.02
21,1,1,710.0,34233664.75554159,-119046816.30099614,0,97089.0,1966.0,138692.63689682537
22,2,2,1242.0,34233664.75554159,-119046816.30099614,0,97089.0,1970.0,266107.34
23,3,3,1915.0,34233664.75554159,-119046816.30099614,0,97089.0,1980.0,369696.36
24,1,1,710.0,34273663.92765273,-119007458.01768489,0,97119.0,1966.0,142311.05206349207
25,2,2,1242.0,34273663.92765273,-119007458.01768489,0,97119.0,1970.0,274010.04
26,3,3,1915.0,34273663.92765273,-119007458.01768489,0,97119.0,1980.0,375350.01
27,1,1,710.0,34229094.64579579,-119179830.70225225,0,97107.0,1966.0,165257.43008651756
28,2,2,1242.0,34229094.64579579,-119179830.70225225,0,97107.0,1970.0,236656.35
29,3,3,1915.0,34229094.64579579,-119179830.70225225,0,97107.0,1980.0,332415.36
30,1,1,710.0,34226358.291136764,-118986440.0336529,0,97091.0,1966.0,153110.50416666665
31,2,2,1242.0,34226358.291136764,-118986440.0336529,0,97091.0,1970.0,231041.06
32,3,3,1915.0,34226358.291136764,-118986440.0336529,0,97091.0,1980.0,360066.24
33,1,1,710.0,34208822.0265316,-119176084.9936083,0,97101.0,1966.0,171685.19797619048
34,2,2,1242.0,34208822.0265316,-119176084.9936083,0,97101.0,1970.0,244345.15
35,3,3,1915.0,34208822.0265316,-119176084.9936083,0,97101.0,1980.0,317861.25
36,1,1,710.0,34181824.23481973,-119217797.72580644,0,97106.0,1966.0,147694.12883333332
37,2,2,1242.0,34181824.23481973,-119217797.72580644,0,97106.0,1970.0,289109.31
38,3,3,1915.0,34181824.23481973,-119217797.72580644,0,97106.0,1980.0,428075.53
39,1,1,710.0,34165828.34302088,-119200687.50388867,0,97109.0,1966.0,194782.0425
40,2,2,1242.0,34165828.34302088,-119200687.50388867,0,97109.0,1970.0,259265.47
41,3,3,1915.0,34165828.34302088,-119200687.50388867,0,97109.0,1980.0,231923.5
42,1,1,710.0,34170261.101992324,-119172168.51882654,0,97104.0,1966.0,163874.27038030303
43,2,2,1242.0,34170261.101992324,-119172168.51882654,0,97104.0,1970.0,189974.08
44,3,3,1915.0,34170261.101992324,-119172168.51882654,0,97104.0,1980.0,243940.65
45,1,1,710.0,34177370.21408069,-118938693.97751555,0,96351.0,1966.0,161463.06708333333
46,2,2,1242.0,34177370.21408069,-118938693.97751555,0,96351.0,1970.0,289457.445
47,3,3,1915.0,34177370.21408069,-118938693.97751555,0,96351.0,1980.0,317631.49
48,1,1,710.0,34279365.567312025,-118876226.25585322,0,97097.0,1966.0,123120.99449999999
49,2,2,1242.0,34279365.567312025,-118876226.25585322,0,97097.0,1970.0,263437.33642857143
50,3,3,1915.0,34279365.567312025,-118876226.25585322,0,97097.0,1980.0,419743.08
51,1,1,710.0,34210175.74110623,-118874489.71871631,0,96383.0,1966.0,130705.16533333331
52,2,2,1242.0,34210175.74110623,-118874489.71871631,0,96383.0,1970.0,287962.3726470588
53,3,3,1915.0,34210175.74110623,-118874489.71871631,0,96383.0,1980.0,390288.74
54,1,1,710.0,34198081.501341105,-118830345.70810495,0,96385.0,1966.0,147795.22632539683
55,2,2,1242.0,34198081.501341105,-118830345.70810495,0,96385.0,1970.0,329631.8500388199
56,3,3,1915.0,34198081.501341105,-118830345.70810495,0,96385.0,1980.0,474880.08
57,1,1,710.0,34263965.33495861,-118766846.15931511,0,97118.0,1966.0,142219.38235714284
58,2,2,1242.0,34263965.33495861,-118766846.15931511,0,97118.0,1970.0,191677.98
59,3,3,1915.0,34263965.33495861,-118766846.15931511,0,97118.0,1980.0,422947.74
60,1,1,710.0,34280186.26081356,-118698830.8678644,0,97116.0,1966.0,172885.77458333332
61,2,2,1242.0,34280186.26081356,-118698830.8678644,0,97116.0,1970.0,291734.58
62,3,3,1915.0,34280186.26081356,-118698830.8678644,0,97116.0,1980.0,389476.41
63,1,1,710.0,34145966.46755362,-118836246.58050503,0,96384.0,1966.0,148224.36658333332
64,2,2,1242.0,34145966.46755362,-118836246.58050503,0,96384.0,1970.0,443019.5493617021
65,3,3,1915.0,34145966.46755362,-118836246.58050503,0,96384.0,1980.0,550830.2
66,1,1,710.0,34179486.370715655,-118765526.37345764,0,96393.0,1966.0,120786.38049206349
67,2,2,1242.0,34179486.370715655,-118765526.37345764,0,96393.0,1970.0,303382.79851138714
68,3,3,1915.0,34179486.370715655,-118765526.37345764,0,96393.0,1980.0,430822.02
69,1,1,710.0,34037415.43897782,-118750837.49992657,0,96116.0,1966.0,726856.0845238094
70,2,2,1242.0,34037415.43897782,-118750837.49992657,0,96116.0,1970.0,818216.9194886254
71,3,3,1915.0,34037415.43897782,-118750837.49992657,0,96116.0,1980.0,1605037.2675
72,1,1,710.0,34197211.66116735,-118639222.0848644,0,96342.0,1966.0,143705.28234640523
73,2,2,1242.0,34197211.66116735,-118639222.0848644,0,96342.0,1970.0,258366.0997771486
74,3,3,1915.0,34197211.66116735,-118639222.0848644,0,96342.0,1980.0,421658.72
75,1,1,710.0,34217510.700292096,-118616833.02044648,0,96339.0,1966.0,122779.58710714283
76,2,2,1242.0,34217510.700292096,-118616833.02044648,0,96339.0,1970.0,298126.1602303921
77,3,3,1915.0,34217510.700292096,-118616833.02044648,0,96339.0,1980.0,361452.61600000004
78,1,1,710.0,34199440.07378288,-118603711.20229815,0,96338.0,1966.0,136174.45234951162
79,2,2,1242.0,34199440.07378288,-118603711.20229815,0,96338.0,1970.0,208079.55813118577
80,3,3,1915.0,34199440.07378288,-118603711.20229815,0,96338.0,1980.0,384162.5
81,1,1,710.0,34176033.11027927,-118616813.65662853,0,96389.0,1966.0,153167.558814541
82,2,2,1242.0,34176033.11027927,-118616813.65662853,0,96389.0,1970.0,260999.40314654692
83,3,3,1915.0,34176033.11027927,-118616813.65662853,0,96389.0,1980.0,390317.17700087413
84,1,1,710.0,34148791.30317996,-118756464.506384,0,96336.0,1966.0,167821.4409212984
85,2,2,1242.0,34148791.30317996,-118756464.506384,0,96336.0,1970.0,290433.1276324218
86,3,3,1915.0,34148791.30317996,-118756464.506384,0,96336.0,1980.0,424127.27625
87,1,1,710.0,34145496.66521865,-118654924.44338256,0,96337.0,1966.0,148158.65787108275
88,2,2,1242.0,34145496.66521865,-118654924.44338256,0,96337.0,1970.0,290537.30924371537
89,3,3,1915.0,34145496.66521865,-118654924.44338256,0,96337.0,1980.0,459716.33125
90,1,1,710.0,34157607.878539585,-118599811.01554404,0,96387.0,1966.0,153689.79332038603
91,2,2,1242.0,34157607.878539585,-118599811.01554404,0,96387.0,1970.0,300283.01178070175
92,3,3,1915.0,34157607.878539585,-118599811.01554404,0,96387.0,1980.0,434997.3964285715
93,1,1,710.0,34235674.829877876,-118516784.6834706,0,96355.0,1966.0,149040.6846386329
94,2,2,1242.0,34235674.829877876,-118516784.6834706,0,96355.0,1970.0,253347.16313227516
95,3,3,1915.0,34235674.829877876,-118516784.6834706,0,96355.0,1980.0,323138.0833333334
96,1,1,710.0,34200824.24506729,-118540603.70175095,0,96364.0,1966.0,147973.50536065086
97,2,2,1242.0,34200824.24506729,-118540603.70175095,0,96364.0,1970.0,203296.82166060622
98,3,3,1915.0,34200824.24506729,-118540603.70175095,0,96364.0,1980.0,285922.955
99,1,1,710.0,34238983.21975393,-118547545.97043745,0,96354.0,1966.0,112139.15488924964
100,2,2,1242.0,34238983.21975393,-118547545.97043745,0,96354.0,1970.0,269538.1732142857
101,3,3,1915.0,34238983.21975393,-118547545.97043745,0,96354.0,1980.0,362582.51
102,1,1,710.0,34209577.43813192,-118574358.39239287,0,96341.0,1966.0,138001.42773357197
103,2,2,1242.0,34209577.43813192,-118574358.39239287,0,96341.0,1970.0,228581.55200180374
104,3,3,1915.0,34209577.43813192,-118574358.39239287,0,96341.0,1980.0,345021.92
105,1,1,710.0,34167921.443247534,-118517722.1621499,0,96349.0,1966.0,167311.13046062994
106,2,2,1242.0,34167921.443247534,-118517722.1621499,0,96349.0,1970.0,207494.61744920604
107,3,3,1915.0,34167921.443247534,-118517722.1621499,0,96349.0,1980.0,352376.59371251427
108,1,1,710.0,34165545.83571758,-118542613.98350254,0,96379.0,1966.0,160537.54065371933
109,2,2,1242.0,34165545.83571758,-118542613.98350254,0,96379.0,1970.0,263646.571931106
110,3,3,1915.0,34165545.83571758,-118542613.98350254,0,96379.0,1980.0,356004.64010714286
111,1,1,710.0,34199910.266304925,-118494098.51984254,0,96415.0,1966.0,142169.2919303503
112,2,2,1242.0,34199910.266304925,-118494098.51984254,0,96415.0,1970.0,233442.4663148148
113,3,3,1915.0,34199910.266304925,-118494098.51984254,0,96415.0,1980.0,358555.78
114,1,1,710.0,34227140.38690476,-118444157.7068756,0,96411.0,1966.0,94402.23024115617
115,2,2,1242.0,34227140.38690476,-118444157.7068756,0,96411.0,1970.0,189814.16770614035
116,3,3,1915.0,34227140.38690476,-118444157.7068756,0,96411.0,1980.0,315930.80040079367
117,1,1,710.0,34199773.91322458,-118445863.13814647,0,96414.0,1966.0,102785.32392998347
118,2,2,1242.0,34199773.91322458,-118445863.13814647,0,96414.0,1970.0,234764.80597222227
119,3,3,1915.0,34199773.91322458,-118445863.13814647,0,96414.0,1980.0,301502.77573412703
120,1,1,710.0,34176408.12142422,-118457723.90718198,0,96420.0,1966.0,134404.62204922552
121,2,2,1242.0,34176408.12142422,-118457723.90718198,0,96420.0,1970.0,301126.1203419366
122,3,3,1915.0,34176408.12142422,-118457723.90718198,0,96420.0,1980.0,334204.5323412699
123,1,1,710.0,34177324.36593108,-118430903.84099154,0,96410.0,1966.0,129909.893646752
124,2,2,1242.0,34177324.36593108,-118430903.84099154,0,96410.0,1970.0,308328.3112489178
125,3,3,1915.0,34177324.36593108,-118430903.84099154,0,96410.0,1980.0,299874.3798015873
126,1,1,710.0,34151789.71330878,-118431550.0662809,0,96424.0,1966.0,194517.5918484848
127,2,2,1242.0,34151789.71330878,-118431550.0662809,0,96424.0,1970.0,297033.73489285714
128,3,3,1915.0,34151789.71330878,-118431550.0662809,0,96424.0,1980.0,453585.48238095234
129,1,1,710.0,34150734.42573941,-118460439.52997603,0,96412.0,1966.0,214142.55611507938
130,2,2,1242.0,34150734.42573941,-118460439.52997603,0,96412.0,1970.0,251098.85231666663
131,3,3,1915.0,34150734.42573941,-118460439.52997603,0,96412.0,1980.0,396059.04038095236
132,1,1,710.0,34150785.303071015,-118488949.52763915,0,96426.0,1966.0,198963.7759880952
133,2,2,1242.0,34150785.303071015,-118488949.52763915,0,96426.0,1970.0,259173.48648484846
134,3,3,1915.0,34150785.303071015,-118488949.52763915,0,96426.0,1980.0,481188.4501666666
135,1,1,710.0,34107314.49879195,-118453172.97691275,0,96058.0,1966.0,278662.2222330447
136,2,2,1242.0,34107314.49879195,-118453172.97691275,0,96058.0,1970.0,602461.282
137,3,3,1915.0,34107314.49879195,-118453172.97691275,0,96058.0,1980.0,790497.6526363636
138,1,1,710.0,34209525.591083474,-118401398.63275565,0,96450.0,1966.0,108732.39373217564
139,2,2,1242.0,34209525.591083474,-118401398.63275565,0,96450.0,1970.0,205785.70949114775
140,3,3,1915.0,34209525.591083474,-118401398.63275565,0,96450.0,1980.0,300056.6533333334
141,1,1,710.0,34222844.355312236,-118371878.66622548,0,96375.0,1966.0,107543.39785352348
142,2,2,1242.0,34222844.355312236,-118371878.66622548,0,96375.0,1970.0,222497.7241965397
143,3,3,1915.0,34222844.355312236,-118371878.66622548,0,96375.0,1980.0,282257.358
144,1,1,710.0,34186560.86543172,-118388456.47045316,0,96451.0,1966.0,106163.11903886702
145,2,2,1242.0,34186560.86543172,-118388456.47045316,0,96451.0,1970.0,243401.23594588743
146,3,3,1915.0,34186560.86543172,-118388456.47045316,0,96451.0,1980.0,261528.05440476193
147,1,1,710.0,34168076.69886363,-118370807.98681818,0,96446.0,1966.0,170904.4591082251
148,2,2,1242.0,34168076.69886363,-118370807.98681818,0,96446.0,1970.0,290614.78557233047
149,3,3,1915.0,34168076.69886363,-118370807.98681818,0,96446.0,1980.0,307262.7220952381
150,1,1,710.0,34167181.01668931,-118399937.39607996,0,96452.0,1966.0,152748.83799343667
151,2,2,1242.0,34167181.01668931,-118399937.39607996,0,96452.0,1970.0,300680.75566666666
152,3,3,1915.0,34167181.01668931,-118399937.39607996,0,96452.0,1980.0,311240.572952381
153,1,1,710.0,34151387.689376734,-118367427.30658592,0,96447.0,1966.0,223295.40648809526
154,2,2,1242.0,34151387.689376734,-118367427.30658592,0,96447.0,1970.0,255216.73467787766
155,3,3,1915.0,34151387.689376734,-118367427.30658592,0,96447.0,1980.0,463896.38130952383
156,1,1,710.0,34142771.611118086,-118394007.11645125,0,96449.0,1966.0,209192.0958663004
157,2,2,1242.0,34142771.611118086,-118394007.11645125,0,96449.0,1970.0,347728.34036363644
158,3,3,1915.0,34142771.611118086,-118394007.11645125,0,96449.0,1980.0,671930.8244285715
159,1,1,710.0,34095085.87362281,-118409814.02242385,0,96086.0,1966.0,327814.5087308802
160,2,2,1242.0,34095085.87362281,-118409814.02242385,0,96086.0,1970.0,697724.1173577126
161,3,3,1915.0,34095085.87362281,-118409814.02242385,0,96086.0,1980.0,943105.2348030304
162,1,1,710.0,34202970.47554003,-118328443.03716646,0,96436.0,1966.0,154801.8629456723
163,2,2,1242.0,34202970.47554003,-118328443.03716646,0,96436.0,1970.0,377286.5678341685
164,3,3,1915.0,34202970.47554003,-118328443.03716646,0,96436.0,1980.0,487411.8566666667
165,1,1,710.0,34170546.453375824,-118344559.00897072,0,96437.0,1966.0,248611.57716853914
166,2,2,1242.0,34170546.453375824,-118344559.00897072,0,96437.0,1970.0,320119.10368650797
167,3,3,1915.0,34170546.453375824,-118344559.00897072,0,96437.0,1980.0,303386.4565952381
168,1,1,710.0,34103722.07771415,-118363225.48416501,0,96027.0,1966.0,261579.3739444445
169,2,2,1242.0,34103722.07771415,-118363225.48416501,0,96027.0,1970.0,346975.4581428572
170,3,3,1915.0,34103722.07771415,-118363225.48416501,0,96027.0,1980.0,715334.0519047619
171,1,1,710.0,34118387.31934833,-118332542.96871395,0,96049.0,1966.0,249190.39245959593
172,2,2,1242.0,34118387.31934833,-118332542.96871395,0,96049.0,1970.0,360434.12088888884
173,3,3,1915.0,34118387.31934833,-118332542.96871395,0,96049.0,1980.0,811979.02
174,1,1,710.0,34171815.49060543,-118323688.49079521,0,96438.0,1966.0,204360.9654794104
175,2,2,1242.0,34171815.49060543,-118323688.49079521,0,96438.0,1970.0,260115.93444424696
176,3,3,1915.0,34171815.49060543,-118323688.49079521,0,96438.0,1980.0,320698.72408333333
177,1,1,710.0,34188538.344754316,-118299584.82151395,0,96433.0,1966.0,180120.7118759019
178,2,2,1242.0,34188538.344754316,-118299584.82151395,0,96433.0,1970.0,272363.0026356376
179,3,3,1915.0,34188538.344754316,-118299584.82151395,0,96433.0,1980.0,355208.2496825397
180,1,1,710.0,34306061.55223881,-118431865.18468726,0,96368.0,1966.0,115270.84564632206
181,2,2,1242.0,34306061.55223881,-118431865.18468726,0,96368.0,1970.0,227974.76104329005
182,3,3,1915.0,34306061.55223881,-118431865.18468726,0,96368.0,1980.0,322063.9583333334
183,1,1,710.0,34288005.258562796,-118434670.43770987,0,96366.0,1966.0,100420.04531298876
184,2,2,1242.0,34288005.258562796,-118434670.43770987,0,96366.0,1970.0,188524.40680555557
185,3,3,1915.0,34288005.258562796,-118434670.43770987,0,96366.0,1980.0,279917.0947619048
186,1,1,710.0,34254704.871601015,-118422316.44027954,0,96361.0,1966.0,102427.3749571934
187,2,2,1242.0,34254704.871601015,-118422316.44027954,0,96361.0,1970.0,181919.67333333337
188,3,3,1915.0,34254704.871601015,-118422316.44027954,0,96361.0,1980.0,258535.675
189,1,1,710.0,34260189.24324761,-118323192.47290958,0,96282.0,1966.0,226969.40026190475
190,2,2,1242.0,34260189.24324761,-118323192.47290958,0,96282.0,1970.0,232707.71492099567
191,3,3,1915.0,34260189.24324761,-118323192.47290958,0,96282.0,1980.0,289099.7453333333
192,1,1,710.0,34254862.251460284,-118285764.17114486,0,96284.0,1966.0,201897.35396626987
193,2,2,1242.0,34254862.251460284,-118285764.17114486,0,96284.0,1970.0,202137.75059147866
194,3,3,1915.0,34254862.251460284,-118285764.17114486,0,96284.0,1980.0,327816.82666666666
195,1,1,710.0,34277857.72833402,-118499334.41821179,0,96370.0,1966.0,136818.3676703789
196,2,2,1242.0,34277857.72833402,-118499334.41821179,0,96370.0,1970.0,273550.0227420635
197,3,3,1915.0,34277857.72833402,-118499334.41821179,0,96370.0,1980.0,371224.53
198,1,1,710.0,34002775.39425247,-118431540.28642125,0,96047.0,1966.0,251433.85102285392
199,2,2,1242.0,34002775.39425247,-118431540.28642125,0,96047.0,1970.0,328278.0571385281
200,3,3,1915.0,34002775.39425247,-118431540.28642125,0,96047.0,1980.0,679507.0728073285
201,1,1,710.0,34261652.989757024,-118458287.4037637,0,96371.0,1966.0,108819.0578834436
202,2,2,1242.0,34261652.989757024,-118458287.4037637,0,96371.0,1970.0,205677.3297102227
203,3,3,1915.0,34261652.989757024,-118458287.4037637,0,96371.0,1980.0,327506.4493650794
204,1,1,710.0,34239535.732279174,-118479210.08106144,0,96369.0,1966.0,101608.4713251408
205,2,2,1242.0,34239535.732279174,-118479210.08106144,0,96369.0,1970.0,246216.65966855365
206,3,3,1915.0,34239535.732279174,-118479210.08106144,0,96369.0,1980.0,347582.18
207,1,1,710.0,34278970.97504744,-118551587.08301708,0,96356.0,1966.0,158360.03338047772
208,2,2,1242.0,34278970.97504744,-118551587.08301708,0,96356.0,1970.0,295257.59190079366
209,3,3,1915.0,34278970.97504744,-118551587.08301708,0,96356.0,1980.0,371164.0366666666
210,1,1,710.0,34256072.09003215,-118591631.6045016,0,96346.0,1966.0,154733.55099913976
211,2,2,1242.0,34256072.09003215,-118591631.6045016,0,96346.0,1970.0,248820.50026689493
212,3,3,1915.0,34256072.09003215,-118591631.6045016,0,96346.0,1980.0,360647.8241341991
213,1,1,710.0,34422766.59920691,-118475491.78544116,0,96374.0,1966.0,146414.90708928733
214,2,2,1242.0,34422766.59920691,-118475491.78544116,0,96374.0,1970.0,234855.38662955468
215,3,3,1915.0,34422766.59920691,-118475491.78544116,0,96374.0,1980.0,313718.9691428572
216,1,1,710.0,34441679.628868625,-118516671.24772055,0,96373.0,1966.0,224311.11504812833
217,2,2,1242.0,34441679.628868625,-118516671.24772055,0,96373.0,1970.0,265782.06
218,3,3,1915.0,34441679.628868625,-118516671.24772055,0,96373.0,1980.0,312448.09
219,1,1,710.0,34444768.98229026,-118544908.97778778,0,96377.0,1966.0,211104.90841176469
220,2,2,1242.0,34444768.98229026,-118544908.97778778,0,96377.0,1970.0,277082.52
221,3,3,1915.0,34444768.98229026,-118544908.97778778,0,96377.0,1980.0,369402.51
222,1,1,710.0,34385619.75907505,-118509832.85544503,0,96352.0,1966.0,136858.80245671
223,2,2,1242.0,34385619.75907505,-118509832.85544503,0,96352.0,1970.0,225351.00032505178
224,3,3,1915.0,34385619.75907505,-118509832.85544503,0,96352.0,1980.0,303807.11
225,1,1,710.0,34423209.38366092,-118422981.55484793,0,96401.0,1966.0,144121.173439608
226,2,2,1242.0,34423209.38366092,-118422981.55484793,0,96401.0,1970.0,232686.48756862746
227,3,3,1915.0,34423209.38366092,-118422981.55484793,0,96401.0,1980.0,320838.71464285714
228,1,1,710.0,34403098.56196684,-118554257.5588038,0,96378.0,1966.0,129735.55861871685
229,2,2,1242.0,34403098.56196684,-118554257.5588038,0,96378.0,1970.0,226000.82722926632
230,3,3,1915.0,34403098.56196684,-118554257.5588038,0,96378.0,1980.0,354100.01
231,1,1,710.0,34475187.052093476,-118631521.43687114,0,96398.0,1966.0,186599.8764722222
232,2,2,1242.0,34475187.052093476,-118631521.43687114,0,96398.0,1970.0,216201.92333333337
233,3,3,1915.0,34475187.052093476,-118631521.43687114,0,96398.0,1980.0,333402.68
234,1,1,710.0,34603679.60206932,-118184607.77859591,0,97329.0,1966.0,142983.56
235,2,2,1242.0,34603679.60206932,-118184607.77859591,0,97329.0,1970.0,194257.44
236,3,3,1915.0,34603679.60206932,-118184607.77859591,0,97329.0,1980.0,242534.57
237,1,1,710.0,34565812.41017653,-118087847.37639728,0,97328.0,1966.0,81082.61653703703
238,2,2,1242.0,34565812.41017653,-118087847.37639728,0,97328.0,1970.0,99632.97733333334
239,3,3,1915.0,34565812.41017653,-118087847.37639728,0,97328.0,1980.0,167118.78
240,1,1,710.0,34562891.01401105,-118034730.5553283,0,97330.0,1966.0,86690.36
241,2,2,1242.0,34562891.01401105,-118034730.5553283,0,97330.0,1970.0,101638.03
242,3,3,1915.0,34562891.01401105,-118034730.5553283,0,97330.0,1980.0,162710.67
243,1,1,710.0,34599552.79515209,-117835293.50903042,0,97344.0,1966.0,76859.2
244,2,2,1242.0,34599552.79515209,-117835293.50903042,0,97344.0,1970.0,87347.08521739132
245,3,3,1915.0,34599552.79515209,-117835293.50903042,0,97344.0,1980.0,133178.31
246,1,1,710.0,34484097.20501475,-117898722.01769912,0,97331.0,1966.0,83921.54
247,2,2,1242.0,34484097.20501475,-117898722.01769912,0,97331.0,1970.0,120674.6
248,3,3,1915.0,34484097.20501475,-117898722.01769912,0,97331.0,1980.0,182022.29
249,1,1,710.0,34542233.83355669,-117956262.02733852,0,97323.0,1966.0,76661.83
250,2,2,1242.0,34542233.83355669,-117956262.02733852,0,97323.0,1970.0,119925.85
251,3,3,1915.0,34542233.83355669,-117956262.02733852,0,97323.0,1980.0,173527.52
252,1,1,710.0,34488408.9841785,-118188195.83407708,0,97298.0,1966.0,156841.40792063493
253,2,2,1242.0,34488408.9841785,-118188195.83407708,0,97298.0,1970.0,199588.26
254,3,3,1915.0,34488408.9841785,-118188195.83407708,0,97298.0,1980.0,332508.14
255,1,1,710.0,34466171.71428572,-117773489.22789116,0,97324.0,1966.0,82568.99
256,2,2,1242.0,34466171.71428572,-117773489.22789116,0,97324.0,1970.0,127784.11
257,3,3,1915.0,34466171.71428572,-117773489.22789116,0,97324.0,1980.0,190926.04
258,1,1,710.0,34681945.31181507,-118063524.70513698,0,97318.0,1966.0,93216.72517742272
259,2,2,1242.0,34681945.31181507,-118063524.70513698,0,97318.0,1970.0,105405.75629629631
260,3,3,1915.0,34681945.31181507,-118063524.70513698,0,97318.0,1980.0,178309.48
261,1,1,710.0,34675688.961984895,-118216643.81732476,0,97319.0,1966.0,74197.48055205416
262,2,2,1242.0,34675688.961984895,-118216643.81732476,0,97319.0,1970.0,136641.9
263,3,3,1915.0,34675688.961984895,-118216643.81732476,0,97319.0,1980.0,197577.74
264,1,1,710.0,34695536.65600279,-118150884.97603537,0,97317.0,1966.0,76729.44860433605
265,2,2,1242.0,34695536.65600279,-118150884.97603537,0,97317.0,1970.0,90756.71705792513
266,3,3,1915.0,34695536.65600279,-118150884.97603537,0,97317.0,1980.0,169351.28
267,1,1,710.0,34670350.246561885,-118417999.40078585,0,97316.0,1966.0,108465.54529915216
268,2,2,1242.0,34670350.246561885,-118417999.40078585,0,97316.0,1970.0,139063.8
269,3,3,1915.0,34670350.246561885,-118417999.40078585,0,97316.0,1980.0,217393.58
270,1,1,710.0,34468350.35600278,-118523802.13601665,0,96403.0,1966.0,205463.86694155843
271,2,2,1242.0,34468350.35600278,-118523802.13601665,0,96403.0,1970.0,220740.4767857143
272,3,3,1915.0,34468350.35600278,-118523802.13601665,0,96403.0,1980.0,351881.03
273,1,1,710.0,33985815.11981388,-118371871.04226445,0,96037.0,1966.0,181637.76465445667
274,2,2,1242.0,33985815.11981388,-118371871.04226445,0,96037.0,1970.0,269126.9921004689
275,3,3,1915.0,33985815.11981388,-118371871.04226445,0,96037.0,1980.0,370127.98
276,1,1,710.0,33975904.19049837,-118354992.47787611,0,96134.0,1966.0,106452.61181349207
277,2,2,1242.0,33975904.19049837,-118354992.47787611,0,96134.0,1970.0,178734.66054906204
278,3,3,1915.0,33975904.19049837,-118354992.47787611,0,96134.0,1980.0,313234.54818181816
279,1,1,710.0,33988444.10565604,-118333922.17025553,0,96024.0,1966.0,146201.24225396826
280,2,2,1242.0,33988444.10565604,-118333922.17025553,0,96024.0,1970.0,232986.29004761906
281,3,3,1915.0,33988444.10565604,-118333922.17025553,0,96024.0,1980.0,292145.1854545455
282,1,1,710.0,33958841.96784007,-118326710.98326814,0,96137.0,1966.0,113200.10833333332
283,2,2,1242.0,33958841.96784007,-118326710.98326814,0,96137.0,1970.0,188669.50166666668
284,3,3,1915.0,33958841.96784007,-118326710.98326814,0,96137.0,1980.0,257546.09833333336
285,1,1,710.0,33955641.908402205,-118356770.35674931,0,96133.0,1966.0,102504.19255284553
286,2,2,1242.0,33955641.908402205,-118356770.35674931,0,96133.0,1970.0,181566.70145634923
287,3,3,1915.0,33955641.908402205,-118356770.35674931,0,96133.0,1980.0,302149.47818181815
288,1,1,710.0,33935777.41863517,-118329228.69238845,0,96135.0,1966.0,152594.39614285715
289,2,2,1242.0,33935777.41863517,-118329228.69238845,0,96135.0,1970.0,181756.5277777778
290,3,3,1915.0,33935777.41863517,-118329228.69238845,0,96135.0,1980.0,271333.74
291,1,1,710.0,33937654.46754636,-118356507.20435093,0,96136.0,1966.0,112032.92641666665
292,2,2,1242.0,33937654.46754636,-118356507.20435093,0,96136.0,1970.0,170001.4731666667
293,3,3,1915.0,33937654.46754636,-118356507.20435093,0,96136.0,1980.0,279152.86818181816
294,1,1,710.0,33913397.00330688,-118351125.43816137,0,96107.0,1966.0,177141.43876659448
295,2,2,1242.0,33913397.00330688,-118351125.43816137,0,96107.0,1970.0,248474.7568809524
296,3,3,1915.0,33913397.00330688,-118351125.43816137,0,96107.0,1980.0,313008.7145238095
297,1,1,710.0,33957936.631809905,-118307891.40329525,0,96028.0,1966.0,115656.88183333333
298,2,2,1242.0,33957936.631809905,-118307891.40329525,0,96028.0,1970.0,181916.36
299,3,3,1915.0,33957936.631809905,-118307891.40329525,0,96028.0,1980.0,235385.04
300,1,1,710.0,33898397.8188195,-118319681.0742515,0,96106.0,1966.0,147856.9916212121
301,2,2,1242.0,33898397.8188195,-118319681.0742515,0,96106.0,1970.0,217219.6573333333
302,3,3,1915.0,33898397.8188195,-118319681.0742515,0,96106.0,1980.0,308932.55333333334
303,1,1,710.0,33870354.892675854,-118329068.09076625,0,96162.0,1966.0,147446.68672983962
304,2,2,1242.0,33870354.892675854,-118329068.09076625,0,96162.0,1970.0,371982.3304343434
305,3,3,1915.0,33870354.892675854,-118329068.09076625,0,96162.0,1980.0,395772.2031666666
306,1,1,710.0,33891782.65156432,-118296495.5644554,0,96104.0,1966.0,86062.2868214286
307,2,2,1242.0,33891782.65156432,-118296495.5644554,0,96104.0,1970.0,193063.09754829615
308,3,3,1915.0,33891782.65156432,-118296495.5644554,0,96104.0,1980.0,297251.9433333333
309,1,1,710.0,33888091.73304423,-118350545.62445794,0,96111.0,1966.0,186239.01038961037
310,2,2,1242.0,33888091.73304423,-118350545.62445794,0,96111.0,1970.0,276951.2686820728
311,3,3,1915.0,33888091.73304423,-118350545.62445794,0,96111.0,1980.0,312890.94399999996
312,1,1,710.0,33870473.82354002,-118372426.32480173,0,96124.0,1966.0,260700.78842857145
313,2,2,1242.0,33870473.82354002,-118372426.32480173,0,96124.0,1970.0,387179.83095238096
314,3,3,1915.0,33870473.82354002,-118372426.32480173,0,96124.0,1980.0,486577.5003636364
315,1,1,710.0,33872737.25736568,-118291121.16897747,0,96105.0,1966.0,104655.616530672
316,2,2,1242.0,33872737.25736568,-118291121.16897747,0,96105.0,1970.0,211464.21238500797
317,3,3,1915.0,33872737.25736568,-118291121.16897747,0,96105.0,1980.0,301882.65
318,1,1,710.0,33965815.565140665,-118397394.4618499,0,96026.0,1966.0,187670.9295819894
319,2,2,1242.0,33965815.565140665,-118397394.4618499,0,96026.0,1970.0,264953.0717142857
320,3,3,1915.0,33965815.565140665,-118397394.4618499,0,96026.0,1980.0,709052.5205714286
321,1,1,710.0,33957329.39867448,-118438518.84731074,0,96129.0,1966.0,256513.4099681021
322,2,2,1242.0,33957329.39867448,-118438518.84731074,0,96129.0,1970.0,356565.3551567488
323,3,3,1915.0,33957329.39867448,-118438518.84731074,0,96129.0,1980.0,578968.7682241898
324,1,1,710.0,33925314.28680739,-118412364.16094987,0,96103.0,1966.0,165467.8271915862
325,2,2,1242.0,33925314.28680739,-118412364.16094987,0,96103.0,1970.0,375841.85408422456
326,3,3,1915.0,33925314.28680739,-118412364.16094987,0,96103.0,1980.0,829576.3772380953
327,1,1,710.0,33996217.52124769,-118396060.32192153,0,96095.0,1966.0,235649.38228964448
328,2,2,1242.0,33996217.52124769,-118396060.32192153,0,96095.0,1970.0,367032.4423472222
329,3,3,1915.0,33996217.52124769,-118396060.32192153,0,96095.0,1980.0,567614.4630833333
330,1,1,710.0,33889966.77918296,-118399516.43447874,0,96117.0,1966.0,403839.50804329006
331,2,2,1242.0,33889966.77918296,-118399516.43447874,0,96117.0,1970.0,801387.7
332,3,3,1915.0,33889966.77918296,-118399516.43447874,0,96117.0,1980.0,912290.4116666666
333,1,1,710.0,33865060.72250084,-118395198.57071213,0,96109.0,1966.0,390874.6610313853
334,2,2,1242.0,33865060.72250084,-118395198.57071213,0,96109.0,1970.0,492214.65616391937
335,3,3,1915.0,33865060.72250084,-118395198.57071213,0,96109.0,1980.0,712108.6773333333
336,1,1,710.0,34028952.19593161,-118353187.22064146,0,95997.0,1966.0,162967.1532664835
337,2,2,1242.0,34028952.19593161,-118353187.22064146,0,95997.0,1970.0,207166.24560606063
338,3,3,1915.0,34028952.19593161,-118353187.22064146,0,95997.0,1980.0,294355.80100000004
339,1,1,710.0,34017252.50603902,-118393996.45401053,0,96097.0,1966.0,263936.0741394665
340,2,2,1242.0,34017252.50603902,-118393996.45401053,0,96097.0,1970.0,388067.6036726191
341,3,3,1915.0,34017252.50603902,-118393996.45401053,0,96097.0,1980.0,602819.71375
342,1,1,710.0,33981076.89720968,-118446857.17829299,0,96128.0,1966.0,398191.53553376085
343,2,2,1242.0,33981076.89720968,-118446857.17829299,0,96128.0,1970.0,530633.0488998779
344,3,3,1915.0,33981076.89720968,-118446857.17829299,0,96128.0,1980.0,672992.9399139194
345,1,1,710.0,33993480.675348,-118460511.40996857,0,96127.0,1966.0,426356.517952381
346,2,2,1242.0,33993480.675348,-118460511.40996857,0,96127.0,1970.0,581667.0269230768
347,3,3,1915.0,33993480.675348,-118460511.40996857,0,96127.0,1980.0,753164.458
348,1,1,710.0,34048789.19437881,-118340355.89366995,0,96000.0,1966.0,243433.46008405334
349,2,2,1242.0,34048789.19437881,-118340355.89366995,0,96000.0,1970.0,305169.551897813
350,3,3,1915.0,34048789.19437881,-118340355.89366995,0,96000.0,1980.0,481405.735
351,1,1,710.0,34066226.96409715,-118308759.37434003,0,96001.0,1966.0,182326.70443253967
352,2,2,1242.0,34066226.96409715,-118308759.37434003,0,96001.0,1970.0,301368.1720992064
353,3,3,1915.0,34066226.96409715,-118308759.37434003,0,96001.0,1980.0,478806.0073529412
354,1,1,710.0,34010468.500642054,-118470662.44638844,0,96152.0,1966.0,240342.25930118756
355,2,2,1242.0,34010468.500642054,-118470662.44638844,0,96152.0,1970.0,422090.55059523805
356,3,3,1915.0,34010468.500642054,-118470662.44638844,0,96152.0,1980.0,642221.9908333332
357,1,1,710.0,34031225.79431465,-118399576.64678974,0,96015.0,1966.0,208366.9599304407
358,2,2,1242.0,34031225.79431465,-118399576.64678974,0,96015.0,1970.0,311999.08454166667
359,3,3,1915.0,34031225.79431465,-118399576.64678974,0,96015.0,1980.0,491779.11708333326
360,1,1,710.0,34036173.94487865,-118424637.08460167,0,96045.0,1966.0,238910.42917876283
361,2,2,1242.0,34036173.94487865,-118424637.08460167,0,96045.0,1970.0,318481.148
362,3,3,1915.0,34036173.94487865,-118424637.08460167,0,96045.0,1980.0,604674.7861666668
363,1,1,710.0,34045862.159189776,-118443092.80546492,0,96006.0,1966.0,228032.1270225836
364,2,2,1242.0,34045862.159189776,-118443092.80546492,0,96006.0,1970.0,385196.80883333326
365,3,3,1915.0,34045862.159189776,-118443092.80546492,0,96006.0,1980.0,492456.057
366,1,1,710.0,34065854.777289376,-118476466.01675825,0,96030.0,1966.0,260942.1370815295
367,2,2,1242.0,34065854.777289376,-118476466.01675825,0,96030.0,1970.0,489903.74266666675
368,3,3,1915.0,34065854.777289376,-118476466.01675825,0,96030.0,1980.0,639296.4420198414
369,1,1,710.0,34030504.48767007,-118491071.62478742,0,96150.0,1966.0,343098.04841991345
370,2,2,1242.0,34030504.48767007,-118491071.62478742,0,96150.0,1970.0,458276.89569047623
371,3,3,1915.0,34030504.48767007,-118491071.62478742,0,96150.0,1980.0,814971.0044999999
372,1,1,710.0,34029745.32800284,-118472690.25444208,0,96151.0,1966.0,248619.05601515152
373,2,2,1242.0,34029745.32800284,-118472690.25444208,0,96151.0,1970.0,374699.9278333333
374,3,3,1915.0,34029745.32800284,-118472690.25444208,0,96151.0,1980.0,680833.3142222223
375,1,1,710.0,34034336.71182601,-118502971.26733121,0,96149.0,1966.0,327671.02553968254
376,2,2,1242.0,34034336.71182601,-118502971.26733121,0,96149.0,1970.0,633952.191636109
377,3,3,1915.0,34034336.71182601,-118502971.26733121,0,96149.0,1980.0,924835.038602241
378,1,1,710.0,34019643.0,-118490512.97481108,0,96148.0,1966.0,284960.0830865801
379,2,2,1242.0,34019643.0,-118490512.97481108,0,96148.0,1970.0,430436.98617249425
380,3,3,1915.0,34019643.0,-118490512.97481108,0,96148.0,1980.0,807228.2216666666
381,1,1,710.0,34052100.477116704,-118383560.50495805,0,96016.0,1966.0,197054.26895174274
382,2,2,1242.0,34052100.477116704,-118383560.50495805,0,96016.0,1970.0,421915.7566190476
383,3,3,1915.0,34052100.477116704,-118383560.50495805,0,96016.0,1980.0,566404.2371190474
384,1,1,710.0,34055511.67296678,-118409961.37342498,0,96048.0,1966.0,317433.76971136173
385,2,2,1242.0,34055511.67296678,-118409961.37342498,0,96048.0,1970.0,478604.5788475714
386,3,3,1915.0,34055511.67296678,-118409961.37342498,0,96048.0,1980.0,746492.2847410508
387,1,1,710.0,34061910.27822431,-118434283.37393348,0,96005.0,1966.0,252026.9506504329
388,2,2,1242.0,34061910.27822431,-118434283.37393348,0,96005.0,1970.0,395960.4138273809
389,3,3,1915.0,34061910.27822431,-118434283.37393348,0,96005.0,1980.0,710248.8422260802
390,1,1,710.0,34061843.72344689,-118400035.46843687,0,96088.0,1966.0,304452.8041083744
391,2,2,1242.0,34061843.72344689,-118400035.46843687,0,96088.0,1970.0,543445.3604686718
392,3,3,1915.0,34061843.72344689,-118400035.46843687,0,96088.0,1980.0,650972.6759325396
393,1,1,710.0,34065404.024363235,-118382553.48781839,0,96087.0,1966.0,257821.50003571427
394,2,2,1242.0,34065404.024363235,-118382553.48781839,0,96087.0,1970.0,556016.5204523809
395,3,3,1915.0,34065404.024363235,-118382553.48781839,0,96087.0,1980.0,674792.6398333333
396,1,1,710.0,34073260.958429076,-118373313.6014205,0,96029.0,1966.0,315496.6394523809
397,2,2,1242.0,34073260.958429076,-118373313.6014205,0,96029.0,1970.0,375667.9083333332
398,3,3,1915.0,34073260.958429076,-118373313.6014205,0,96029.0,1980.0,754455.8303928571
399,1,1,710.0,34091472.37965398,-118380051.21467128,0,96050.0,1966.0,280772.15048489004
400,2,2,1242.0,34091472.37965398,-118380051.21467128,0,96050.0,1970.0,493186.63080952375
401,3,3,1915.0,34091472.37965398,-118380051.21467128,0,96050.0,1980.0,882843.1275
402,1,1,710.0,34052068.126948245,-118536621.15633552,0,96120.0,1966.0,480558.56948799716
403,2,2,1242.0,34052068.126948245,-118536621.15633552,0,96120.0,1970.0,613188.2474878406
404,3,3,1915.0,34052068.126948245,-118536621.15633552,0,96120.0,1980.0,645723.1807738097
405,1,1,710.0,34100378.93061674,-118603558.30121145,0,96126.0,1966.0,489895.0220714286
406,2,2,1242.0,34100378.93061674,-118603558.30121145,0,96126.0,1970.0,501494.04
407,3,3,1915.0,34100378.93061674,-118603558.30121145,0,96126.0,1980.0,776917.32
408,1,1,710.0,34000540.28313055,-118287458.44820783,0,96018.0,1966.0,115113.2957142857
409,2,2,1242.0,34000540.28313055,-118287458.44820783,0,96018.0,1970.0,195115.15
410,3,3,1915.0,34000540.28313055,-118287458.44820783,0,96018.0,1980.0,272157.2075
411,1,1,710.0,34003584.304808035,-118308306.93720847,0,96043.0,1966.0,136533.05333333334
412,2,2,1242.0,34003584.304808035,-118308306.93720847,0,96043.0,1970.0,199151.39
413,3,3,1915.0,34003584.304808035,-118308306.93720847,0,96043.0,1980.0,259166.45
414,1,1,710.0,34010207.365844615,-118337979.04524383,0,95989.0,1966.0,116060.07342857144
415,2,2,1242.0,34010207.365844615,-118337979.04524383,0,95989.0,1970.0,184802.87102380954
416,3,3,1915.0,34010207.365844615,-118337979.04524383,0,95989.0,1980.0,280172.62680555554
417,1,1,710.0,34026670.6665624,-118316362.24726306,0,95999.0,1966.0,154453.06079347827
418,2,2,1242.0,34026670.6665624,-118316362.24726306,0,95999.0,1970.0,206462.31
419,3,3,1915.0,34026670.6665624,-118316362.24726306,0,95999.0,1980.0,234914.056
420,1,1,710.0,34029858.82048915,-118291355.82325795,0,95988.0,1966.0,123093.49830049262
421,2,2,1242.0,34029858.82048915,-118291355.82325795,0,95988.0,1970.0,185350.31
422,3,3,1915.0,34029858.82048915,-118291355.82325795,0,95988.0,1980.0,256393.11666666667
423,1,1,710.0,34047913.281224154,-118294751.11786601,0,95987.0,1966.0,208354.57586739346
424,2,2,1242.0,34047913.281224154,-118294751.11786601,0,95987.0,1970.0,265549.1247180996
425,3,3,1915.0,34047913.281224154,-118294751.11786601,0,95987.0,1980.0,370747.64083333337
426,1,1,710.0,34071672.87054455,-118347062.51881188,0,96017.0,1966.0,230557.4844528709
427,2,2,1242.0,34071672.87054455,-118347062.51881188,0,96017.0,1970.0,392777.73853434564
428,3,3,1915.0,34071672.87054455,-118347062.51881188,0,96017.0,1980.0,620600.5247619047
429,1,1,710.0,34059706.332593,-118315000.46973903,0,95986.0,1966.0,268315.6982529633
430,2,2,1242.0,34059706.332593,-118315000.46973903,0,95986.0,1970.0,352280.3605436508
431,3,3,1915.0,34059706.332593,-118315000.46973903,0,95986.0,1980.0,545068.2736190476
432,1,1,710.0,34061383.652392946,-118316257.94710328,0,95991.0,1966.0,315778.5457233151
433,2,2,1242.0,34061383.652392946,-118316257.94710328,0,95991.0,1970.0,348866.90521204757
434,3,3,1915.0,34061383.652392946,-118316257.94710328,0,95991.0,1980.0,543702.5032224051
435,1,1,710.0,34005974.8712629,-118257456.81029896,0,95992.0,1966.0,109418.43304347826
436,2,2,1242.0,34005974.8712629,-118257456.81029896,0,95992.0,1970.0,207781.85
437,3,3,1915.0,34005974.8712629,-118257456.81029896,0,95992.0,1980.0,239076.7875
438,1,1,710.0,34000196.2875817,-118240746.48366013,0,96039.0,1966.0,122032.60235294119
439,2,2,1242.0,34000196.2875817,-118240746.48366013,0,96039.0,1970.0,191698.9
440,3,3,1915.0,34000196.2875817,-118240746.48366013,0,96039.0,1980.0,254611.87
441,1,1,710.0,34034444.35135135,-118236108.58783785,0,96002.0,1966.0,130697.70506962204
442,2,2,1242.0,34034444.35135135,-118236108.58783785,0,96002.0,1970.0,236469.17
443,3,3,1915.0,34034444.35135135,-118236108.58783785,0,96002.0,1980.0,266425.525
444,1,1,710.0,34043622.79004577,-118265788.26201373,0,95996.0,1966.0,209682.16480234268
445,2,2,1242.0,34043622.79004577,-118265788.26201373,0,95996.0,1970.0,303948.9895546205
446,3,3,1915.0,34043622.79004577,-118265788.26201373,0,95996.0,1980.0,446189.6375
447,1,1,710.0,34044393.833333336,-118251800.92901234,0,95995.0,1966.0,205170.2617488236
448,2,2,1242.0,34044393.833333336,-118251800.92901234,0,95995.0,1970.0,263723.36964157707
449,3,3,1915.0,34044393.833333336,-118251800.92901234,0,95995.0,1980.0,442020.31916666665
450,1,1,710.0,34057216.858114235,-118244929.76065277,0,95993.0,1966.0,162638.4820849341
451,2,2,1242.0,34057216.858114235,-118244929.76065277,0,95993.0,1970.0,360776.8520973266
452,3,3,1915.0,34057216.858114235,-118244929.76065277,0,95993.0,1980.0,432932.16583333333
453,1,1,710.0,34080996.957270406,-118264370.2057398,0,96007.0,1966.0,290361.0001714286
454,2,2,1242.0,34080996.957270406,-118264370.2057398,0,96007.0,1970.0,343185.7957083333
455,3,3,1915.0,34080996.957270406,-118264370.2057398,0,96007.0,1980.0,403515.97
456,1,1,710.0,34066020.21022727,-118279148.61931819,0,96038.0,1966.0,194224.11835865607
457,2,2,1242.0,34066020.21022727,-118279148.61931819,0,96038.0,1970.0,208611.88957828283
458,3,3,1915.0,34066020.21022727,-118279148.61931819,0,96038.0,1980.0,290916.9025
459,1,1,710.0,34048479.1230574,-118206253.96764986,0,96014.0,1966.0,141878.26235294118
460,2,2,1242.0,34048479.1230574,-118206253.96764986,0,96014.0,1970.0,200521.31
461,3,3,1915.0,34048479.1230574,-118206253.96764986,0,96014.0,1980.0,252832.3275
462,1,1,710.0,34044327.72163925,-118185544.72986387,0,96044.0,1966.0,130703.09953968253
463,2,2,1242.0,34044327.72163925,-118185544.72986387,0,96044.0,1970.0,179319.14
464,3,3,1915.0,34044327.72163925,-118185544.72986387,0,96044.0,1980.0,240272.71
465,1,1,710.0,34025034.25233007,-118196220.97317572,0,96004.0,1966.0,148883.98235294118
466,2,2,1242.0,34025034.25233007,-118196220.97317572,0,96004.0,1970.0,206018.59
467,3,3,1915.0,34025034.25233007,-118196220.97317572,0,96004.0,1980.0,295049.0775
468,1,1,710.0,34081625.69583802,-118211290.87784027,0,96012.0,1966.0,158420.83217647058
469,2,2,1242.0,34081625.69583802,-118211290.87784027,0,96012.0,1970.0,223239.725
470,3,3,1915.0,34081625.69583802,-118211290.87784027,0,96012.0,1980.0,334049.94
471,1,1,710.0,34080969.127602585,-118175724.85108973,0,96013.0,1966.0,170086.91717647057
472,2,2,1242.0,34080969.127602585,-118175724.85108973,0,96013.0,1970.0,208055.55
473,3,3,1915.0,34080969.127602585,-118175724.85108973,0,96013.0,1980.0,302344.294
474,1,1,710.0,34023115.423734896,-118152792.35291302,0,96003.0,1966.0,145581.41917647058
475,2,2,1242.0,34023115.423734896,-118152792.35291302,0,96003.0,1970.0,221812.738
476,3,3,1915.0,34023115.423734896,-118152792.35291302,0,96003.0,1980.0,292883.3075
477,1,1,710.0,34050811.00143421,-118139315.79490857,0,96496.0,1966.0,167749.42367973854
478,2,2,1242.0,34050811.00143421,-118139315.79490857,0,96496.0,1970.0,268089.30146103894
479,3,3,1915.0,34050811.00143421,-118139315.79490857,0,96496.0,1980.0,310942.78
480,1,1,710.0,33998838.21772272,-118155566.60219152,0,96021.0,1966.0,169478.343
481,2,2,1242.0,33998838.21772272,-118155566.60219152,0,96021.0,1970.0,159192.285
482,3,3,1915.0,33998838.21772272,-118155566.60219152,0,96021.0,1980.0,255472.6675
483,1,1,710.0,34017412.188698195,-118110770.73598686,0,96192.0,1966.0,143825.19943884152
484,2,2,1242.0,34017412.188698195,-118110770.73598686,0,96192.0,1970.0,198306.75810256405
485,3,3,1915.0,34017412.188698195,-118110770.73598686,0,96192.0,1980.0,340606.64133333333
486,1,1,710.0,34052975.55538771,-118116156.85968445,0,96497.0,1966.0,178816.79701939702
487,2,2,1242.0,34052975.55538771,-118116156.85968445,0,96497.0,1970.0,236036.88274458874
488,3,3,1915.0,34052975.55538771,-118116156.85968445,0,96497.0,1980.0,308248.8641666667
489,1,1,710.0,33987821.412304655,-118087997.58101957,0,96197.0,1966.0,172546.20182195381
490,2,2,1242.0,33987821.412304655,-118087997.58101957,0,96197.0,1970.0,219902.99
491,3,3,1915.0,33987821.412304655,-118087997.58101957,0,96197.0,1980.0,342319.55
492,1,1,710.0,34065743.45933223,-118083649.3786941,0,96510.0,1966.0,200016.44520427883
493,2,2,1242.0,34065743.45933223,-118083649.3786941,0,96510.0,1970.0,195021.24833333332
494,3,3,1915.0,34065743.45933223,-118083649.3786941,0,96510.0,1980.0,261079.33392857143
495,1,1,710.0,34073562.930733226,-118145287.62542902,0,96533.0,1966.0,187518.67352173908
496,2,2,1242.0,34073562.930733226,-118145287.62542902,0,96533.0,1970.0,265556.54805128206
497,3,3,1915.0,34073562.930733226,-118145287.62542902,0,96533.0,1980.0,375274.89460430585
498,1,1,710.0,34090802.6343322,-118128261.06374215,0,96531.0,1966.0,189225.94522619047
499,2,2,1242.0,34090802.6343322,-118128261.06374215,0,96531.0,1970.0,269349.9139460628
500,3,3,1915.0,34090802.6343322,-118128261.06374215,0,96531.0,1980.0,423172.722537851
501,1,1,710.0,34114523.78128583,-118191306.99259193,0,96023.0,1966.0,223047.34679487176
502,2,2,1242.0,34114523.78128583,-118191306.99259193,0,96023.0,1970.0,193340.31100000002
503,3,3,1915.0,34114523.78128583,-118191306.99259193,0,96023.0,1980.0,359576.65
504,1,1,710.0,34109599.35216953,-118156085.9249916,0,96280.0,1966.0,294585.83825
505,2,2,1242.0,34109599.35216953,-118156085.9249916,0,96280.0,1970.0,362938.8940035183
506,3,3,1915.0,34109599.35216953,-118156085.9249916,0,96280.0,1980.0,533808.9356666666
507,1,1,710.0,34120680.87422635,-118111859.12511052,0,96296.0,1966.0,227625.0577820513
508,2,2,1242.0,34120680.87422635,-118111859.12511052,0,96296.0,1970.0,288183.0304362305
509,3,3,1915.0,34120680.87422635,-118111859.12511052,0,96296.0,1980.0,808969.0128571428
510,1,1,710.0,34140152.24419205,-118128613.93047668,0,96294.0,1966.0,227584.9649050672
511,2,2,1242.0,34140152.24419205,-118128613.93047668,0,96294.0,1970.0,286716.04611998564
512,3,3,1915.0,34140152.24419205,-118128613.93047668,0,96294.0,1980.0,535496.0813333333
513,1,1,710.0,34153321.01768868,-118087603.6322065,0,96295.0,1966.0,214162.33006227107
514,2,2,1242.0,34153321.01768868,-118087603.6322065,0,96295.0,1970.0,233700.06508286647
515,3,3,1915.0,34153321.01768868,-118087603.6322065,0,96295.0,1980.0,477900.81016666663
516,1,1,710.0,34088558.76022049,-118094546.6440055,0,96515.0,1966.0,184889.03572789475
517,2,2,1242.0,34088558.76022049,-118094546.6440055,0,96515.0,1970.0,252649.46307692313
518,3,3,1915.0,34088558.76022049,-118094546.6440055,0,96515.0,1980.0,424536.1296871184
519,1,1,710.0,34114433.84456816,-118088134.677099,0,96514.0,1966.0,229581.19679761905
520,2,2,1242.0,34114433.84456816,-118088134.677099,0,96514.0,1970.0,230882.87855555554
521,3,3,1915.0,34114433.84456816,-118088134.677099,0,96514.0,1980.0,404377.2815555555
522,1,1,710.0,34125955.467743956,-118050921.64211449,0,96268.0,1966.0,278079.353452381
523,2,2,1242.0,34125955.467743956,-118050921.64211449,0,96268.0,1970.0,297324.77766666666
524,3,3,1915.0,34125955.467743956,-118050921.64211449,0,96268.0,1980.0,385905.8833333333
525,1,1,710.0,34101443.27179545,-118054003.75636405,0,96517.0,1966.0,259949.98578571426
526,2,2,1242.0,34101443.27179545,-118054003.75636405,0,96517.0,1970.0,398353.81290476193
527,3,3,1915.0,34101443.27179545,-118054003.75636405,0,96517.0,1980.0,410202.6693333334
528,1,1,710.0,34108497.90871553,-118259913.11340511,0,96020.0,1966.0,195569.51591341986
529,2,2,1242.0,34108497.90871553,-118259913.11340511,0,96020.0,1970.0,336546.5686666666
530,3,3,1915.0,34108497.90871553,-118259913.11340511,0,96020.0,1980.0,458250.18
531,1,1,710.0,34090158.65007696,-118292077.9589533,0,96010.0,1966.0,272708.93935714284
532,2,2,1242.0,34090158.65007696,-118292077.9589533,0,96010.0,1970.0,252995.76266666665
533,3,3,1915.0,34090158.65007696,-118292077.9589533,0,96010.0,1980.0,380396.8045
534,1,1,710.0,34107693.274244554,-118286089.3826423,0,96008.0,1966.0,307801.29502598546
535,2,2,1242.0,34107693.274244554,-118286089.3826423,0,96008.0,1970.0,301258.2327619047
536,3,3,1915.0,34107693.274244554,-118286089.3826423,0,96008.0,1980.0,506686.33
537,1,1,710.0,34109632.93899003,-118224196.58550066,0,96046.0,1966.0,227656.85871386385
538,2,2,1242.0,34109632.93899003,-118224196.58550066,0,96046.0,1970.0,309061.8130769231
539,3,3,1915.0,34109632.93899003,-118224196.58550066,0,96046.0,1980.0,390954.11
540,1,1,710.0,34135696.65948428,-118206322.07099965,0,96022.0,1966.0,258122.18833333332
541,2,2,1242.0,34135696.65948428,-118206322.07099965,0,96022.0,1970.0,342677.8475
542,3,3,1915.0,34135696.65948428,-118206322.07099965,0,96022.0,1980.0,427756.41
543,1,1,710.0,34136354.02981096,-118167147.22758119,0,96293.0,1966.0,195253.229
544,2,2,1242.0,34136354.02981096,-118167147.22758119,0,96293.0,1970.0,287199.1075421888
545,3,3,1915.0,34136354.02981096,-118167147.22758119,0,96293.0,1980.0,618881.47
546,1,1,710.0,34076749.32080048,-118313627.70689307,0,95985.0,1966.0,218666.52757934175
547,2,2,1242.0,34076749.32080048,-118313627.70689307,0,95985.0,1970.0,348058.7825294118
548,3,3,1915.0,34076749.32080048,-118313627.70689307,0,95985.0,1980.0,515742.2133333334
549,1,1,710.0,34088293.604601,-118326740.14665708,0,96019.0,1966.0,201784.13207245205
550,2,2,1242.0,34088293.604601,-118326740.14665708,0,96019.0,1970.0,351144.8647914879
551,3,3,1915.0,34088293.604601,-118326740.14665708,0,96019.0,1980.0,463216.1640317461
552,1,1,710.0,34099313.54449152,-118327905.3315678,0,96009.0,1966.0,201634.15697161172
553,2,2,1242.0,34099313.54449152,-118327905.3315678,0,96009.0,1970.0,355502.65812412574
554,3,3,1915.0,34099313.54449152,-118327905.3315678,0,96009.0,1980.0,447096.9567619048
555,1,1,710.0,34232368.47027201,-118246500.51553597,0,96330.0,1966.0,190380.72155555553
556,2,2,1242.0,34232368.47027201,-118246500.51553597,0,96330.0,1970.0,322553.9418190476
557,3,3,1915.0,34232368.47027201,-118246500.51553597,0,96330.0,1980.0,483565.86666666664
558,1,1,710.0,34211960.64271047,-118230731.61190966,0,96275.0,1966.0,236289.59559126984
559,2,2,1242.0,34211960.64271047,-118230731.61190966,0,96275.0,1970.0,307260.2650737179
560,3,3,1915.0,34211960.64271047,-118230731.61190966,0,96275.0,1980.0,327337.2733333334
561,1,1,710.0,34188700.765919104,-118228600.6173408,0,96327.0,1966.0,198674.03980100658
562,2,2,1242.0,34188700.765919104,-118228600.6173408,0,96327.0,1970.0,216682.3747787416
563,3,3,1915.0,34188700.765919104,-118228600.6173408,0,96327.0,1980.0,485748.42557142855
564,1,1,710.0,34173254.60968353,-118287899.25155531,0,96320.0,1966.0,199705.9996210318
565,2,2,1242.0,34173254.60968353,-118287899.25155531,0,96320.0,1970.0,254576.07185931623
566,3,3,1915.0,34173254.60968353,-118287899.25155531,0,96320.0,1980.0,434657.10081349214
567,1,1,710.0,34175287.99892125,-118306119.84573895,0,96434.0,1966.0,174564.36306637808
568,2,2,1242.0,34175287.99892125,-118306119.84573895,0,96434.0,1970.0,274023.64169316465
569,3,3,1915.0,34175287.99892125,-118306119.84573895,0,96434.0,1980.0,340742.7825753968
570,1,1,710.0,34166574.70728205,-118267037.1905641,0,96321.0,1966.0,175321.50475396827
571,2,2,1242.0,34166574.70728205,-118267037.1905641,0,96321.0,1970.0,256462.58175879877
572,3,3,1915.0,34166574.70728205,-118267037.1905641,0,96321.0,1980.0,398837.1722857143
573,1,1,710.0,34166122.60918797,-118244620.67098026,0,96326.0,1966.0,167220.3228136308
574,2,2,1242.0,34166122.60918797,-118244620.67098026,0,96326.0,1970.0,233142.0802388938
575,3,3,1915.0,34166122.60918797,-118244620.67098026,0,96326.0,1980.0,390269.5585714286
576,1,1,710.0,34152452.94366197,-118264018.67194836,0,96322.0,1966.0,179178.09730555557
577,2,2,1242.0,34152452.94366197,-118264018.67194836,0,96322.0,1970.0,228622.05004806825
578,3,3,1915.0,34152452.94366197,-118264018.67194836,0,96322.0,1980.0,413323.6948901099
579,1,1,710.0,34158258.2538208,-118228567.67231046,0,96325.0,1966.0,196929.4650372341
580,2,2,1242.0,34158258.2538208,-118228567.67231046,0,96325.0,1970.0,227967.9878904745
581,3,3,1915.0,34158258.2538208,-118228567.67231046,0,96325.0,1980.0,439835.8914285714
582,1,1,710.0,34136618.28492754,-118239871.06492753,0,96324.0,1966.0,166691.8707477466
583,2,2,1242.0,34136618.28492754,-118239871.06492753,0,96324.0,1970.0,176406.91060256414
584,3,3,1915.0,34136618.28492754,-118239871.06492753,0,96324.0,1980.0,366343.09
585,1,1,710.0,34139038.04888508,-118260592.68696398,0,96323.0,1966.0,170556.67262770564
586,2,2,1242.0,34139038.04888508,-118260592.68696398,0,96323.0,1970.0,218300.69719444445
587,3,3,1915.0,34139038.04888508,-118260592.68696398,0,96323.0,1980.0,373691.9593548387
588,1,1,710.0,34167949.11415697,-118159619.58205032,0,96291.0,1966.0,225720.77639804644
589,2,2,1242.0,34167949.11415697,-118159619.58205032,0,96291.0,1970.0,203376.21318627454
590,3,3,1915.0,34167949.11415697,-118159619.58205032,0,96291.0,1980.0,316713.63
591,1,1,710.0,34143138.16689847,-118139434.19228095,0,96289.0,1966.0,208401.59834523808
592,2,2,1242.0,34143138.16689847,-118139434.19228095,0,96289.0,1970.0,249066.77008376268
593,3,3,1915.0,34143138.16689847,-118139434.19228095,0,96289.0,1980.0,540559.1475
594,1,1,710.0,34166503.11068321,-118124987.80387962,0,96292.0,1966.0,222888.8697115385
595,2,2,1242.0,34166503.11068321,-118124987.80387962,0,96292.0,1970.0,228207.90884126988
596,3,3,1915.0,34166503.11068321,-118124987.80387962,0,96292.0,1980.0,352557.406
597,1,1,710.0,34165477.46057047,-118051386.1881991,0,96278.0,1966.0,279794.34678846155
598,2,2,1242.0,34165477.46057047,-118051386.1881991,0,96278.0,1970.0,275601.469
599,3,3,1915.0,34165477.46057047,-118051386.1881991,0,96278.0,1980.0,401035.06638888887
600,1,1,710.0,34131507.57690669,-118024448.22731146,0,96267.0,1966.0,258011.98939593855
601,2,2,1242.0,34131507.57690669,-118024448.22731146,0,96267.0,1970.0,351262.4048333333
602,3,3,1915.0,34131507.57690669,-118024448.22731146,0,96267.0,1980.0,360311.25653571426
603,1,1,710.0,34209008.13583901,-118199956.03196211,0,96271.0,1966.0,301120.77797222225
604,2,2,1242.0,34209008.13583901,-118199956.03196211,0,96271.0,1970.0,376149.382625
605,3,3,1915.0,34209008.13583901,-118199956.03196211,0,96271.0,1980.0,484715.29
606,1,1,710.0,34191926.275358446,-118138337.53424169,0,96265.0,1966.0,328778.3803809524
607,2,2,1242.0,34191926.275358446,-118138337.53424169,0,96265.0,1970.0,240280.89761904764
608,3,3,1915.0,34191926.275358446,-118138337.53424169,0,96265.0,1980.0,363107.14
609,1,1,710.0,33955182.08892103,-118290979.80752212,0,96025.0,1966.0,99794.7657142857
610,2,2,1242.0,33955182.08892103,-118290979.80752212,0,96025.0,1970.0,184586.05
611,3,3,1915.0,33955182.08892103,-118290979.80752212,0,96025.0,1980.0,237017.85
612,1,1,710.0,33963395.71292089,-118272381.41267622,0,95984.0,1966.0,129864.00330049261
613,2,2,1242.0,33963395.71292089,-118272381.41267622,0,95984.0,1970.0,173133.75
614,3,3,1915.0,33963395.71292089,-118272381.41267622,0,95984.0,1980.0,193438.79
615,1,1,710.0,33971635.01869847,-118248702.4462603,0,95982.0,1966.0,126322.06
616,2,2,1242.0,33971635.01869847,-118248702.4462603,0,95982.0,1970.0,178422.92
617,3,3,1915.0,33971635.01869847,-118248702.4462603,0,95982.0,1980.0,230038.0175
618,1,1,710.0,33949301.79587858,-118248293.95363408,0,95983.0,1966.0,99687.17
619,2,2,1242.0,33949301.79587858,-118248293.95363408,0,95983.0,1970.0,174290.18
620,3,3,1915.0,33949301.79587858,-118248293.95363408,0,95983.0,1980.0,227532.33
621,1,1,710.0,33927922.178930074,-118248548.94686872,0,96040.0,1966.0,97693.61235294119
622,2,2,1242.0,33927922.178930074,-118248548.94686872,0,96040.0,1970.0,175607.37
623,3,3,1915.0,33927922.178930074,-118248548.94686872,0,96040.0,1980.0,221041.11
624,1,1,710.0,33922694.70734625,-118271215.69873175,0,96042.0,1966.0,119947.16140056022
625,2,2,1242.0,33922694.70734625,-118271215.69873175,0,96042.0,1970.0,175692.08
626,3,3,1915.0,33922694.70734625,-118271215.69873175,0,96042.0,1980.0,229991.67
627,1,1,710.0,33859511.22777084,-118254331.7000971,0,96230.0,1966.0,141479.92755426615
628,2,2,1242.0,33859511.22777084,-118254331.7000971,0,96230.0,1970.0,152514.91172727273
629,3,3,1915.0,33859511.22777084,-118254331.7000971,0,96230.0,1980.0,306450.65
630,1,1,710.0,33892087.31807986,-118241386.023441,0,96090.0,1966.0,132349.3975
631,2,2,1242.0,33892087.31807986,-118241386.023441,0,96090.0,1970.0,144937.89933333333
632,3,3,1915.0,33892087.31807986,-118241386.023441,0,96090.0,1980.0,216391.51
633,1,1,710.0,33910720.457991615,-118237448.88026243,0,96092.0,1966.0,146522.4975
634,2,2,1242.0,33910720.457991615,-118237448.88026243,0,96092.0,1970.0,195456.55
635,3,3,1915.0,33910720.457991615,-118237448.88026243,0,96092.0,1980.0,248771.25
636,1,1,710.0,33896622.58345959,-118203161.3925505,0,96091.0,1966.0,140779.325
637,2,2,1242.0,33896622.58345959,-118203161.3925505,0,96091.0,1970.0,157098.36
638,3,3,1915.0,33896622.58345959,-118203161.3925505,0,96091.0,1980.0,238549.47666666665
639,1,1,710.0,33923086.270625144,-118199071.23716012,0,96113.0,1966.0,117036.30116190478
640,2,2,1242.0,33923086.270625144,-118199071.23716012,0,96113.0,1970.0,197621.92
641,3,3,1915.0,33923086.270625144,-118199071.23716012,0,96113.0,1980.0,268093.65
642,1,1,710.0,33974741.82674344,-118214912.35636596,0,96110.0,1966.0,90603.71975718772
643,2,2,1242.0,33974741.82674344,-118214912.35636596,0,96110.0,1970.0,202805.80887042053
644,3,3,1915.0,33974741.82674344,-118214912.35636596,0,96110.0,1980.0,276024.304
645,1,1,710.0,33943841.881629,-118196690.49981353,0,96125.0,1966.0,118343.78480538302
646,2,2,1242.0,33943841.881629,-118196690.49981353,0,96125.0,1970.0,231010.41
647,3,3,1915.0,33943841.881629,-118196690.49981353,0,96125.0,1980.0,268963.95
648,1,1,710.0,33970845.92086137,-118172451.59784657,0,96083.0,1966.0,139087.365
649,2,2,1242.0,33970845.92086137,-118172451.59784657,0,96083.0,1970.0,223399.20533333332
650,3,3,1915.0,33970845.92086137,-118172451.59784657,0,96083.0,1980.0,237370.86
651,1,1,710.0,33941914.69591107,-118130053.4006881,0,96101.0,1966.0,170517.7794511081
652,2,2,1242.0,33941914.69591107,-118130053.4006881,0,96101.0,1970.0,243723.0226515152
653,3,3,1915.0,33941914.69591107,-118130053.4006881,0,96101.0,1980.0,363363.6521946779
654,1,1,710.0,33921214.553835616,-118141699.8920548,0,96102.0,1966.0,177958.82473412697
655,2,2,1242.0,33921214.553835616,-118141699.8920548,0,96102.0,1970.0,259884.75316666666
656,3,3,1915.0,33921214.553835616,-118141699.8920548,0,96102.0,1980.0,383098.11
657,1,1,710.0,33897948.25021923,-118162040.1018708,0,96220.0,1966.0,122732.27312752526
658,2,2,1242.0,33897948.25021923,-118162040.1018708,0,96220.0,1970.0,183942.505
659,3,3,1915.0,33897948.25021923,-118162040.1018708,0,96220.0,1980.0,302580.43
660,1,1,710.0,33889506.7247355,-118126278.22610362,0,96208.0,1966.0,175596.58339226295
661,2,2,1242.0,33889506.7247355,-118126278.22610362,0,96208.0,1970.0,226701.42983333336
662,3,3,1915.0,33889506.7247355,-118126278.22610362,0,96208.0,1980.0,334074.82
663,1,1,710.0,33989083.97465961,-118187277.5253404,0,96119.0,1966.0,99224.87524982747
664,2,2,1242.0,33989083.97465961,-118187277.5253404,0,96119.0,1970.0,213701.69777838828
665,3,3,1915.0,33989083.97465961,-118187277.5253404,0,96119.0,1980.0,265745.935
666,1,1,710.0,33957229.076612905,-118117531.16918683,0,96100.0,1966.0,175927.1574511081
667,2,2,1242.0,33957229.076612905,-118117531.16918683,0,96100.0,1970.0,246582.16941666667
668,3,3,1915.0,33957229.076612905,-118117531.16918683,0,96100.0,1980.0,312892.49628771225
669,1,1,710.0,33906235.626905434,-118006065.78163385,0,96190.0,1966.0,271203.82852275757
670,2,2,1242.0,33906235.626905434,-118006065.78163385,0,96190.0,1970.0,227747.27642822967
671,3,3,1915.0,33906235.626905434,-118006065.78163385,0,96190.0,1980.0,413320.34272222227
672,1,1,710.0,33866328.40660062,-118064846.01653434,0,96206.0,1966.0,142849.36904411763
673,2,2,1242.0,33866328.40660062,-118064846.01653434,0,96206.0,1970.0,292920.41
674,3,3,1915.0,33866328.40660062,-118064846.01653434,0,96206.0,1980.0,386502.46
675,1,1,710.0,33905643.33722129,-118083089.28166573,0,96193.0,1966.0,159654.0035543672
676,2,2,1242.0,33905643.33722129,-118083089.28166573,0,96193.0,1970.0,235137.24666666664
677,3,3,1915.0,33905643.33722129,-118083089.28166573,0,96193.0,1980.0,350101.06
678,1,1,710.0,33867811.75301382,-118078217.12437518,0,96204.0,1966.0,135944.88999074075
679,2,2,1242.0,33867811.75301382,-118078217.12437518,0,96204.0,1970.0,281990.19
680,3,3,1915.0,33867811.75301382,-118078217.12437518,0,96204.0,1980.0,341356.6
681,1,1,710.0,33847079.18389461,-118111564.63125464,0,96213.0,1966.0,178226.72382401218
682,2,2,1242.0,33847079.18389461,-118111564.63125464,0,96213.0,1970.0,278312.28897435893
683,3,3,1915.0,33847079.18389461,-118111564.63125464,0,96213.0,1980.0,377208.6
684,1,1,710.0,33840684.741942964,-118076268.15627174,0,96215.0,1966.0,165303.55517063488
685,2,2,1242.0,33840684.741942964,-118076268.15627174,0,96215.0,1970.0,234361.8785606061
686,3,3,1915.0,33840684.741942964,-118076268.15627174,0,96215.0,1980.0,363225.89
687,1,1,710.0,33829357.67397388,-118072314.46641791,0,96216.0,1966.0,150885.80166666664
688,2,2,1242.0,33829357.67397388,-118072314.46641791,0,96216.0,1970.0,243165.09
689,3,3,1915.0,33829357.67397388,-118072314.46641791,0,96216.0,1980.0,370740.02
690,1,1,710.0,33823198.25943183,-118110202.56681196,0,96242.0,1966.0,175673.84148427873
691,2,2,1242.0,33823198.25943183,-118110202.56681196,0,96242.0,1970.0,237746.62213663527
692,3,3,1915.0,33823198.25943183,-118110202.56681196,0,96242.0,1980.0,359191.0216666667
693,1,1,710.0,33864272.14490263,-118180506.35373712,0,96239.0,1966.0,108935.25872871574
694,2,2,1242.0,33864272.14490263,-118180506.35373712,0,96239.0,1970.0,231351.8225
695,3,3,1915.0,33864272.14490263,-118180506.35373712,0,96239.0,1980.0,317913.66
696,1,1,710.0,33831103.16564858,-118180729.90429991,0,96241.0,1966.0,115405.35056998556
697,2,2,1242.0,33831103.16564858,-118180729.90429991,0,96241.0,1970.0,233068.81939377286
698,3,3,1915.0,33831103.16564858,-118180729.90429991,0,96241.0,1980.0,342867.74
699,1,1,710.0,33798975.02523332,-118164811.01002419,0,96234.0,1966.0,136447.19905140693
700,2,2,1242.0,33798975.02523332,-118164811.01002419,0,96234.0,1970.0,273968.6750227021
701,3,3,1915.0,33798975.02523332,-118164811.01002419,0,96234.0,1980.0,335962.915952381
702,1,1,710.0,33852048.16452059,-118145199.90401192,0,96212.0,1966.0,162752.73271565654
703,2,2,1242.0,33852048.16452059,-118145199.90401192,0,96212.0,1970.0,277277.4016666666
704,3,3,1915.0,33852048.16452059,-118145199.90401192,0,96212.0,1980.0,345867.07
705,1,1,710.0,33802746.20459651,-118193126.41800587,0,96240.0,1966.0,121726.37088458316
706,2,2,1242.0,33802746.20459651,-118193126.41800587,0,96240.0,1970.0,244321.5227261905
707,3,3,1915.0,33802746.20459651,-118193126.41800587,0,96240.0,1980.0,309602.575
708,1,1,710.0,33795075.234339125,-118116025.55378813,0,96247.0,1966.0,171671.9450969266
709,2,2,1242.0,33795075.234339125,-118116025.55378813,0,96247.0,1970.0,244477.77934815464
710,3,3,1915.0,33795075.234339125,-118116025.55378813,0,96247.0,1980.0,353412.91388888896
711,1,1,710.0,33782426.37186343,-118150203.7575072,0,96238.0,1966.0,181717.99874603172
712,2,2,1242.0,33782426.37186343,-118150203.7575072,0,96238.0,1970.0,235304.98991747078
713,3,3,1915.0,33782426.37186343,-118150203.7575072,0,96238.0,1980.0,300828.87180555554
714,1,1,710.0,33761624.311439805,-118131687.40597849,0,96237.0,1966.0,234608.50765476198
715,2,2,1242.0,33761624.311439805,-118131687.40597849,0,96237.0,1970.0,272910.80733333336
716,3,3,1915.0,33761624.311439805,-118131687.40597849,0,96237.0,1980.0,580059.76
717,1,1,710.0,33771153.041401975,-118142469.618839,0,96246.0,1966.0,197697.67235493302
718,2,2,1242.0,33771153.041401975,-118142469.618839,0,96246.0,1970.0,250920.65540246555
719,3,3,1915.0,33771153.041401975,-118142469.618839,0,96246.0,1980.0,463134.53
720,1,1,710.0,33781415.581389815,-118182295.25773442,0,96245.0,1966.0,97794.0071446871
721,2,2,1242.0,33781415.581389815,-118182295.25773442,0,96245.0,1970.0,236859.02444444445
722,3,3,1915.0,33781415.581389815,-118182295.25773442,0,96245.0,1980.0,307132.38
723,1,1,710.0,33769090.654872596,-118183855.26566839,0,96236.0,1966.0,104573.57313023087
724,2,2,1242.0,33769090.654872596,-118183855.26566839,0,96236.0,1970.0,211154.65957482997
725,3,3,1915.0,33769090.654872596,-118183855.26566839,0,96236.0,1980.0,439754.50337301585
726,1,1,710.0,33809070.187381305,-118212613.89702469,0,96244.0,1966.0,110175.59652151722
727,2,2,1242.0,33809070.187381305,-118212613.89702469,0,96244.0,1970.0,202433.78
728,3,3,1915.0,33809070.187381305,-118212613.89702469,0,96244.0,1980.0,283583.59
729,1,1,710.0,33821878.83231067,-118268251.00739682,0,96229.0,1966.0,148148.8374495774
730,2,2,1242.0,33821878.83231067,-118268251.00739682,0,96229.0,1970.0,231260.79952380952
731,3,3,1915.0,33821878.83231067,-118268251.00739682,0,96229.0,1980.0,317381.86
732,1,1,710.0,33827471.437383175,-118291904.04839045,0,96160.0,1966.0,141904.63974514874
733,2,2,1242.0,33827471.437383175,-118291904.04839045,0,96160.0,1970.0,220818.238681746
734,3,3,1915.0,33827471.437383175,-118291904.04839045,0,96160.0,1980.0,328651.37
735,1,1,710.0,33825004.02023196,-118314033.87048969,0,96159.0,1966.0,199285.87851043968
736,2,2,1242.0,33825004.02023196,-118314033.87048969,0,96159.0,1970.0,306698.2843333334
737,3,3,1915.0,33825004.02023196,-118314033.87048969,0,96159.0,1980.0,368794.11476190476
738,1,1,710.0,33838517.67071803,-118353295.82713164,0,96161.0,1966.0,183018.28057239056
739,2,2,1242.0,33838517.67071803,-118353295.82713164,0,96161.0,1970.0,366327.6181498659
740,3,3,1915.0,33838517.67071803,-118353295.82713164,0,96161.0,1980.0,409734.64599999995
741,1,1,710.0,33811487.597025946,-118350594.18424383,0,96163.0,1966.0,175996.25720887445
742,2,2,1242.0,33811487.597025946,-118350594.18424383,0,96163.0,1970.0,351902.0290049787
743,3,3,1915.0,33811487.597025946,-118350594.18424383,0,96163.0,1980.0,441057.41142857145
744,1,1,710.0,33793649.5908686,-118316685.42873052,0,96217.0,1966.0,201858.55067781956
745,2,2,1242.0,33793649.5908686,-118316685.42873052,0,96217.0,1970.0,320574.2600708812
746,3,3,1915.0,33793649.5908686,-118316685.42873052,0,96217.0,1980.0,414164.47331746033
747,1,1,710.0,33788781.8244797,-118265319.37563674,0,96228.0,1966.0,148596.85609588103
748,2,2,1242.0,33788781.8244797,-118265319.37563674,0,96228.0,1970.0,197100.29
749,3,3,1915.0,33788781.8244797,-118265319.37563674,0,96228.0,1980.0,305424.06927272724
750,1,1,710.0,33799035.17815967,-118300498.47008918,0,96210.0,1966.0,140020.59778555503
751,2,2,1242.0,33799035.17815967,-118300498.47008918,0,96210.0,1970.0,283532.9211904762
752,3,3,1915.0,33799035.17815967,-118300498.47008918,0,96210.0,1980.0,356559.554
753,1,1,710.0,33814624.40585734,-118287956.69563116,0,96221.0,1966.0,150170.5794288476
754,2,2,1242.0,33814624.40585734,-118287956.69563116,0,96221.0,1970.0,239559.29341841492
755,3,3,1915.0,33814624.40585734,-118287956.69563116,0,96221.0,1980.0,360069.12
756,1,1,710.0,33776718.157142855,-118307395.62338935,0,96222.0,1966.0,166995.70505567544
757,2,2,1242.0,33776718.157142855,-118307395.62338935,0,96222.0,1970.0,325604.6413827839
758,3,3,1915.0,33776718.157142855,-118307395.62338935,0,96222.0,1980.0,390603.082760101
759,1,1,710.0,33343402.609230768,-118327240.14666666,0,96207.0,1966.0,309536.09661111113
760,2,2,1242.0,33343402.609230768,-118327240.14666666,0,96207.0,1970.0,556011.0550400433
761,3,3,1915.0,33343402.609230768,-118327240.14666666,0,96207.0,1980.0,887638.3435
762,1,1,710.0,33830195.42686943,-118382663.36846183,0,96123.0,1966.0,301246.6303563343
763,2,2,1242.0,33830195.42686943,-118382663.36846183,0,96123.0,1970.0,478077.4193754579
764,3,3,1915.0,33830195.42686943,-118382663.36846183,0,96123.0,1980.0,571130.4216666667
765,1,1,710.0,33780902.87998238,-118377955.8343977,0,96121.0,1966.0,266244.5048261184
766,2,2,1242.0,33780902.87998238,-118377955.8343977,0,96121.0,1970.0,473333.52481068927
767,3,3,1915.0,33780902.87998238,-118377955.8343977,0,96121.0,1980.0,441117.255
768,1,1,710.0,33762381.276512556,-118362888.30449992,0,96122.0,1966.0,365132.86350000004
769,2,2,1242.0,33762381.276512556,-118362888.30449992,0,96122.0,1970.0,362981.592
770,3,3,1915.0,33762381.276512556,-118362888.30449992,0,96122.0,1980.0,741162.02
771,1,1,710.0,33947439.381761976,-118085196.88315302,0,96201.0,1966.0,176161.34818094707
772,2,2,1242.0,33947439.381761976,-118085196.88315302,0,96201.0,1970.0,241377.61
773,3,3,1915.0,33947439.381761976,-118085196.88315302,0,96201.0,1980.0,304732.39
774,1,1,710.0,33944711.7429955,-118032186.0653753,0,96173.0,1966.0,227911.69507611834
775,2,2,1242.0,33944711.7429955,-118032186.0653753,0,96173.0,1970.0,264080.76
776,3,3,1915.0,33944711.7429955,-118032186.0653753,0,96173.0,1980.0,274931.91
777,1,1,710.0,33930188.69600265,-118010453.99734983,0,96172.0,1966.0,278392.8960046898
778,2,2,1242.0,33930188.69600265,-118010453.99734983,0,96172.0,1970.0,257971.62033333333
779,3,3,1915.0,33930188.69600265,-118010453.99734983,0,96172.0,1980.0,274845.82
780,1,1,710.0,34053656.61433188,-118043568.64797567,0,96480.0,1966.0,135860.85354033622
781,2,2,1242.0,34053656.61433188,-118043568.64797567,0,96480.0,1970.0,229302.35116666666
782,3,3,1915.0,34053656.61433188,-118043568.64797567,0,96480.0,1980.0,286372.11
783,1,1,710.0,34074949.76562134,-118013370.95647086,0,96479.0,1966.0,152455.9477995747
784,2,2,1242.0,34074949.76562134,-118013370.95647086,0,96479.0,1970.0,228438.65675000005
785,3,3,1915.0,34074949.76562134,-118013370.95647086,0,96479.0,1980.0,288940.95
786,1,1,710.0,34050124.56753115,-117981700.67766924,0,96490.0,1966.0,171230.23228253968
787,2,2,1242.0,34050124.56753115,-117981700.67766924,0,96490.0,1970.0,203733.87516666666
788,3,3,1915.0,34050124.56753115,-117981700.67766924,0,96490.0,1980.0,291831.15
789,1,1,710.0,34001710.88693191,-118036723.00110081,0,96169.0,1966.0,200019.64690730997
790,2,2,1242.0,34001710.88693191,-118036723.00110081,0,96169.0,1970.0,235824.0122463768
791,3,3,1915.0,34001710.88693191,-118036723.00110081,0,96169.0,1980.0,378522.436
792,1,1,710.0,33977919.65363296,-118065493.5411236,0,96174.0,1966.0,174249.0493668459
793,2,2,1242.0,33977919.65363296,-118065493.5411236,0,96174.0,1970.0,176423.22
794,3,3,1915.0,33977919.65363296,-118065493.5411236,0,96174.0,1980.0,308577.63
795,1,1,710.0,33966886.51675621,-118030717.24788949,0,96170.0,1966.0,227537.4309198413
796,2,2,1242.0,33966886.51675621,-118030717.24788949,0,96170.0,1970.0,234009.85166666665
797,3,3,1915.0,33966886.51675621,-118030717.24788949,0,96170.0,1980.0,285597.76
798,1,1,710.0,33943174.310835704,-117992680.35940379,0,96171.0,1966.0,292567.0979253247
799,2,2,1242.0,33943174.310835704,-117992680.35940379,0,96171.0,1970.0,250184.0525
800,3,3,1915.0,33943174.310835704,-117992680.35940379,0,96171.0,1980.0,314987.26
801,1,1,710.0,34030768.385649,-117936180.15176319,0,96488.0,1966.0,140705.88258270675
802,2,2,1242.0,34030768.385649,-117936180.15176319,0,96488.0,1970.0,200351.54
803,3,3,1915.0,34030768.385649,-117936180.15176319,0,96488.0,1980.0,294069.845
804,1,1,710.0,33996216.48040668,-117964157.1674522,0,96489.0,1966.0,133827.29154006814
805,2,2,1242.0,33996216.48040668,-117964157.1674522,0,96489.0,1970.0,247817.7
806,3,3,1915.0,33996216.48040668,-117964157.1674522,0,96489.0,1980.0,364262.85
807,1,1,710.0,33933119.62787803,-117950750.20636278,0,96186.0,1966.0,239088.9906666667
808,2,2,1242.0,33933119.62787803,-117950750.20636278,0,96186.0,1970.0,262429.00333333336
809,3,3,1915.0,33933119.62787803,-117950750.20636278,0,96186.0,1980.0,393580.95
810,1,1,710.0,33980620.40555726,-117894629.68158136,0,96492.0,1966.0,176283.81829484797
811,2,2,1242.0,33980620.40555726,-117894629.68158136,0,96492.0,1970.0,264108.98454545456
812,3,3,1915.0,33980620.40555726,-117894629.68158136,0,96492.0,1980.0,369908.77
813,1,1,710.0,34016879.57032755,-117858867.04448354,0,96522.0,1966.0,151172.08755591625
814,2,2,1242.0,34016879.57032755,-117858867.04448354,0,96522.0,1970.0,304202.01
815,3,3,1915.0,34016879.57032755,-117858867.04448354,0,96522.0,1980.0,341335.26
816,1,1,710.0,34004141.036424294,-117812957.50163399,0,96505.0,1966.0,170875.3876096491
817,2,2,1242.0,34004141.036424294,-117812957.50163399,0,96505.0,1970.0,262949.37421013636
818,3,3,1915.0,34004141.036424294,-117812957.50163399,0,96505.0,1980.0,329117.91
819,1,1,710.0,34061562.288416654,-117898905.60078615,0,96524.0,1966.0,150611.4730241546
820,2,2,1242.0,34061562.288416654,-117898905.60078615,0,96524.0,1970.0,253084.63107142854
821,3,3,1915.0,34061562.288416654,-117898905.60078615,0,96524.0,1980.0,332677.47733333334
822,1,1,710.0,34091120.94541354,-117856371.99864662,0,96475.0,1966.0,123828.1489085406
823,2,2,1242.0,34091120.94541354,-117856371.99864662,0,96475.0,1970.0,237220.9728571429
824,3,3,1915.0,34091120.94541354,-117856371.99864662,0,96475.0,1980.0,325749.49
825,1,1,710.0,34112547.55138904,-117718813.04763916,0,96469.0,1966.0,119913.76820645363
826,2,2,1242.0,34112547.55138904,-117718813.04763916,0,96469.0,1970.0,259540.45
827,3,3,1915.0,34112547.55138904,-117718813.04763916,0,96469.0,1980.0,354678.19
828,1,1,710.0,34081663.20912113,-117736117.7899439,0,96507.0,1966.0,141981.45121487786
829,2,2,1242.0,34081663.20912113,-117736117.7899439,0,96507.0,1970.0,197462.482962963
830,3,3,1915.0,34081663.20912113,-117736117.7899439,0,96507.0,1980.0,301306.48
831,1,1,710.0,34040000.56908566,-117758749.77515295,0,96506.0,1966.0,163007.39355297017
832,2,2,1242.0,34040000.56908566,-117758749.77515295,0,96506.0,1970.0,177233.25555555552
833,3,3,1915.0,34040000.56908566,-117758749.77515295,0,96506.0,1980.0,316458.13
834,1,1,710.0,34069244.14163549,-117773725.38054517,0,96508.0,1966.0,158918.33981185302
835,2,2,1242.0,34069244.14163549,-117773725.38054517,0,96508.0,1970.0,194491.68964285718
836,3,3,1915.0,34069244.14163549,-117773725.38054517,0,96508.0,1980.0,336114.23
837,1,1,710.0,34118471.78089683,-117770422.04143882,0,96494.0,1966.0,135456.7449443676
838,2,2,1242.0,34118471.78089683,-117770422.04143882,0,96494.0,1970.0,268183.98333333334
839,3,3,1915.0,34118471.78089683,-117770422.04143882,0,96494.0,1980.0,305902.45
840,1,1,710.0,34100987.687734395,-117816706.95102581,0,96513.0,1966.0,127336.72242314281
841,2,2,1242.0,34100987.687734395,-117816706.95102581,0,96513.0,1970.0,239186.87
842,3,3,1915.0,34100987.687734395,-117816706.95102581,0,96513.0,1980.0,329875.82
843,1,1,710.0,34097314.898689635,-117906396.61016743,0,96473.0,1966.0,115900.36423936991
844,2,2,1242.0,34097314.898689635,-117906396.61016743,0,96473.0,1970.0,260789.90995238096
845,3,3,1915.0,34097314.898689635,-117906396.61016743,0,96473.0,1980.0,260333.58983333333
846,1,1,710.0,34084970.7534987,-117969046.39822288,0,96465.0,1966.0,121823.34534650063
847,2,2,1242.0,34084970.7534987,-117969046.39822288,0,96465.0,1970.0,203563.09600000002
848,3,3,1915.0,34084970.7534987,-117969046.39822288,0,96465.0,1980.0,267198.525
849,1,1,710.0,34084734.96929201,-117886442.75007108,0,96474.0,1966.0,109827.64956265646
850,2,2,1242.0,34084734.96929201,-117886442.75007108,0,96474.0,1970.0,224060.07583333337
851,3,3,1915.0,34084734.96929201,-117886442.75007108,0,96474.0,1980.0,305472.79
852,1,1,710.0,34067010.41862532,-117937070.27059056,0,96523.0,1966.0,158729.99357971014
853,2,2,1242.0,34067010.41862532,-117937070.27059056,0,96523.0,1970.0,284235.77
854,3,3,1915.0,34067010.41862532,-117937070.27059056,0,96523.0,1980.0,252784.5974047619
855,1,1,710.0,34145322.19572766,-118001084.58444701,0,96273.0,1966.0,207913.822808658
856,2,2,1242.0,34145322.19572766,-118001084.58444701,0,96273.0,1970.0,259418.04085714289
857,3,3,1915.0,34145322.19572766,-118001084.58444701,0,96273.0,1980.0,361054.75
858,1,1,710.0,34139196.77475693,-117960958.58120273,0,96270.0,1966.0,178117.66050055638
859,2,2,1242.0,34139196.77475693,-117960958.58120273,0,96270.0,1970.0,204056.58583333335
860,3,3,1915.0,34139196.77475693,-117960958.58120273,0,96270.0,1980.0,313699.7033333333
861,1,1,710.0,34149397.951100245,-117962796.63814181,0,399675.0,1966.0,162674.01
862,2,2,1242.0,34149397.951100245,-117962796.63814181,0,399675.0,1970.0,257176.29
863,3,3,1915.0,34149397.951100245,-117962796.63814181,0,399675.0,1980.0,533269.45
864,1,1,710.0,34080074.94551369,-118035282.65275142,0,96478.0,1966.0,173687.03927529271
865,2,2,1242.0,34080074.94551369,-118035282.65275142,0,96478.0,1970.0,253120.66291666665
866,3,3,1915.0,34080074.94551369,-118035282.65275142,0,96478.0,1980.0,285703.33
867,1,1,710.0,34127813.918080375,-117903579.62714325,0,96464.0,1966.0,126177.87641071188
868,2,2,1242.0,34127813.918080375,-117903579.62714325,0,96464.0,1970.0,198901.143
869,3,3,1915.0,34127813.918080375,-117903579.62714325,0,96464.0,1980.0,292651.85
870,1,1,710.0,34139350.67980672,-117853162.61063072,0,96486.0,1966.0,153284.46036806385
871,2,2,1242.0,34139350.67980672,-117853162.61063072,0,96486.0,1970.0,268875.69566666667
872,3,3,1915.0,34139350.67980672,-117853162.61063072,0,96486.0,1980.0,369460.54
873,1,1,710.0,34117618.8990915,-117854209.09182349,0,96485.0,1966.0,130741.0587378477
874,2,2,1242.0,34117618.8990915,-117854209.09182349,0,96485.0,1970.0,191256.4148452381
875,3,3,1915.0,34117618.8990915,-117854209.09182349,0,96485.0,1980.0,346109.53
876,1,1,710.0,34021548.85714286,-117750891.51428571,0,96467.0,1966.0,146729.76563513227
877,2,2,1242.0,34021548.85714286,-117750891.51428571,0,96467.0,1970.0,255849.69363636363
878,3,3,1915.0,34021548.85714286,-117750891.51428571,0,96467.0,1980.0,346488.32
879,1,1,710.0,34022480.41162515,-117898121.93698102,0,96525.0,1966.0,122740.70247222221
880,2,2,1242.0,34022480.41162515,-117898121.93698102,0,96525.0,1970.0,241076.54654761907
881,3,3,1915.0,34022480.41162515,-117898121.93698102,0,96525.0,1980.0,335734.07
882,1,1,710.0,33765869.94727371,-117880708.2100054,0,97006.0,1966.0,312337.00941069575
883,2,2,1242.0,33765869.94727371,-117880708.2100054,0,97006.0,1970.0,268285.4913333333
884,3,3,1915.0,33765869.94727371,-117880708.2100054,0,97006.0,1980.0,358026.9625
885,1,1,710.0,33747928.37284145,-117902789.36923076,0,97003.0,1966.0,171579.97166666665
886,2,2,1242.0,33747928.37284145,-117902789.36923076,0,97003.0,1970.0,232399.46
887,3,3,1915.0,33747928.37284145,-117902789.36923076,0,97003.0,1980.0,319597.5525
888,1,1,710.0,33745659.054019704,-117856847.159517,0,97001.0,1966.0,210709.445
889,2,2,1242.0,33745659.054019704,-117856847.159517,0,97001.0,1970.0,297444.1
890,3,3,1915.0,33745659.054019704,-117856847.159517,0,97001.0,1980.0,340811.9425
891,1,1,710.0,33719349.08552978,-117871129.86017396,0,97007.0,1966.0,166571.74
892,2,2,1242.0,33719349.08552978,-117871129.86017396,0,97007.0,1970.0,258640.28
893,3,3,1915.0,33719349.08552978,-117871129.86017396,0,97007.0,1980.0,373534.25845238095
894,1,1,710.0,33677002.92224063,-118005064.1881342,0,96966.0,1966.0,368278.268
895,2,2,1242.0,33677002.92224063,-118005064.1881342,0,96966.0,1970.0,275850.87
896,3,3,1915.0,33677002.92224063,-118005064.1881342,0,96966.0,1980.0,478620.73
897,1,1,710.0,33901958.94762134,-117910558.83149128,0,97043.0,1966.0,311323.9975
898,2,2,1242.0,33901958.94762134,-117910558.83149128,0,97043.0,1970.0,286516.03
899,3,3,1915.0,33901958.94762134,-117910558.83149128,0,97043.0,1980.0,340768.83
900,1,1,710.0,33881375.545222,-117898656.94061758,0,97039.0,1966.0,279546.7941666667
901,2,2,1242.0,33881375.545222,-117898656.94061758,0,97039.0,1970.0,291488.55
902,3,3,1915.0,33881375.545222,-117898656.94061758,0,97039.0,1980.0,357738.11
903,1,1,710.0,33876336.61685025,-117959633.76610102,0,97041.0,1966.0,279171.86416666664
904,2,2,1242.0,33876336.61685025,-117959633.76610102,0,97041.0,1970.0,328156.17
905,3,3,1915.0,33876336.61685025,-117959633.76610102,0,97041.0,1980.0,376487.31
906,1,1,710.0,33867979.346723646,-117930995.7014245,0,97040.0,1966.0,304557.48
907,2,2,1242.0,33867979.346723646,-117930995.7014245,0,97040.0,1970.0,267797.21
908,3,3,1915.0,33867979.346723646,-117930995.7014245,0,97040.0,1980.0,357790.88
909,1,1,710.0,33836043.34339765,-117905924.0601353,0,97024.0,1966.0,245660.03666666668
910,2,2,1242.0,33836043.34339765,-117905924.0601353,0,97024.0,1970.0,216178.26
911,3,3,1915.0,33836043.34339765,-117905924.0601353,0,97024.0,1980.0,340630.55
912,1,1,710.0,33844294.75262985,-117957118.1283695,0,97020.0,1966.0,244493.35
913,2,2,1242.0,33844294.75262985,-117957118.1283695,0,97020.0,1970.0,207084.18175000002
914,3,3,1915.0,33844294.75262985,-117957118.1283695,0,97020.0,1980.0,388766.3284615385
915,1,1,710.0,33808857.42051282,-117928331.23916084,0,97021.0,1966.0,244489.77398425434
916,2,2,1242.0,33808857.42051282,-117928331.23916084,0,97021.0,1970.0,249992.837
917,3,3,1915.0,33808857.42051282,-117928331.23916084,0,97021.0,1980.0,333469.63
918,1,1,710.0,33787260.953402616,-117872883.2591351,0,97066.0,1966.0,309848.95583766233
919,2,2,1242.0,33787260.953402616,-117872883.2591351,0,97066.0,1970.0,290687.5903333333
920,3,3,1915.0,33787260.953402616,-117872883.2591351,0,97066.0,1980.0,349301.28
921,1,1,710.0,33813568.147022076,-117821534.29529363,0,97065.0,1966.0,273304.5359286987
922,2,2,1242.0,33813568.147022076,-117821534.29529363,0,97065.0,1970.0,297002.12
923,3,3,1915.0,33813568.147022076,-117821534.29529363,0,97065.0,1980.0,433527.96
924,1,1,710.0,33785914.60031911,-117843367.94974072,0,97064.0,1966.0,337482.73356750683
925,2,2,1242.0,33785914.60031911,-117843367.94974072,0,97064.0,1970.0,281897.25
926,3,3,1915.0,33785914.60031911,-117843367.94974072,0,97064.0,1980.0,402795.85
927,1,1,710.0,33620549.664824605,-117927221.07039885,0,96981.0,1966.0,625178.55
928,2,2,1242.0,33620549.664824605,-117927221.07039885,0,96981.0,1970.0,1687683.7
929,3,3,1915.0,33620549.664824605,-117927221.07039885,0,96981.0,1980.0,908542.23
930,1,1,710.0,33601726.33919271,-117898207.23307292,0,96979.0,1966.0,672475.13
931,2,2,1242.0,33601726.33919271,-117898207.23307292,0,96979.0,1970.0,1481317.61
932,3,3,1915.0,33601726.33919271,-117898207.23307292,0,96979.0,1980.0,837605.76
933,1,1,710.0,33606561.69148056,-117892325.23986766,0,96980.0,1966.0,694770.25
934,2,2,1242.0,33606561.69148056,-117892325.23986766,0,96980.0,1970.0,1385857.33
935,3,3,1915.0,33606561.69148056,-117892325.23986766,0,96980.0,1980.0,1020787.23
936,1,1,710.0,33600960.02967601,-117866371.28723115,0,96957.0,1966.0,774477.05
937,2,2,1242.0,33600960.02967601,-117866371.28723115,0,96957.0,1970.0,1605160.31
938,3,3,1915.0,33600960.02967601,-117866371.28723115,0,96957.0,1980.0,859386.25
939,1,1,710.0,33633213.29605345,-117876877.86502536,0,96978.0,1966.0,433279.7
940,2,2,1242.0,33633213.29605345,-117876877.86502536,0,96978.0,1970.0,534985.91
941,3,3,1915.0,33633213.29605345,-117876877.86502536,0,96978.0,1980.0,693462.42
942,1,1,710.0,33532412.90481842,-117765191.20496084,0,96969.0,1966.0,548367.09
943,2,2,1242.0,33532412.90481842,-117765191.20496084,0,96969.0,1970.0,578011.23
944,3,3,1915.0,33532412.90481842,-117765191.20496084,0,96969.0,1980.0,744228.51
945,1,1,710.0,33427153.725897055,-117611695.83400206,0,96982.0,1966.0,471918.6666666666
946,2,2,1242.0,33427153.725897055,-117611695.83400206,0,96982.0,1970.0,455195.19
947,3,3,1915.0,33427153.725897055,-117611695.83400206,0,96982.0,1980.0,498431.98
948,1,1,710.0,33878371.65891801,-117991607.22717667,0,96181.0,1966.0,439625.2766346154
949,2,2,1242.0,33878371.65891801,-117991607.22717667,0,96181.0,1970.0,290727.2
950,3,3,1915.0,33878371.65891801,-117991607.22717667,0,96181.0,1980.0,335679.5066025641
951,1,1,710.0,33841735.630659826,-118011548.84976146,0,96180.0,1966.0,364989.07237500005
952,2,2,1242.0,33841735.630659826,-118011548.84976146,0,96180.0,1970.0,229515.91
953,3,3,1915.0,33841735.630659826,-118011548.84976146,0,96180.0,1980.0,344453.5
954,1,1,710.0,33820052.42251169,-117971519.7785571,0,97023.0,1966.0,244660.47471861474
955,2,2,1242.0,33820052.42251169,-117971519.7785571,0,97023.0,1970.0,271474.92699999997
956,3,3,1915.0,33820052.42251169,-117971519.7785571,0,97023.0,1980.0,366042.92846153845
957,1,1,710.0,33802511.50412283,-117997476.51549616,0,96203.0,1966.0,259597.20773000672
958,2,2,1242.0,33802511.50412283,-117997476.51549616,0,96203.0,1970.0,234137.61
959,3,3,1915.0,33802511.50412283,-117997476.51549616,0,96203.0,1980.0,322114.781
960,1,1,710.0,33837143.757655956,-117876202.4047259,0,97025.0,1966.0,276303.3928571429
961,2,2,1242.0,33837143.757655956,-117876202.4047259,0,97025.0,1970.0,292634.25
962,3,3,1915.0,33837143.757655956,-117876202.4047259,0,97025.0,1980.0,360959.85
963,1,1,710.0,33849214.08436822,-117785869.85472107,0,97026.0,1966.0,360017.4377380953
964,2,2,1242.0,33849214.08436822,-117785869.85472107,0,97026.0,1970.0,282280.07
965,3,3,1915.0,33849214.08436822,-117785869.85472107,0,97026.0,1980.0,431291.38
966,1,1,710.0,33792049.0907404,-118073042.40415661,0,96218.0,1966.0,355845.51118338597
967,2,2,1242.0,33792049.0907404,-118073042.40415661,0,96218.0,1970.0,289717.571124424
968,3,3,1915.0,33792049.0907404,-118073042.40415661,0,96218.0,1980.0,362571.08722222224
969,1,1,710.0,33760199.54718714,-118080158.05258323,0,96225.0,1966.0,606574.8938333333
970,2,2,1242.0,33760199.54718714,-118080158.05258323,0,96225.0,1970.0,550558.7293095238
971,3,3,1915.0,33760199.54718714,-118080158.05258323,0,96225.0,1980.0,485435.45997198886
972,1,1,710.0,33787008.98942513,-117932412.8638767,0,97047.0,1966.0,314438.91574242426
973,2,2,1242.0,33787008.98942513,-117932412.8638767,0,97047.0,1970.0,243429.82
974,3,3,1915.0,33787008.98942513,-117932412.8638767,0,97047.0,1980.0,349574.66125
975,1,1,710.0,33791539.338766575,-117796439.95389855,0,97067.0,1966.0,291194.8872979798
976,2,2,1242.0,33791539.338766575,-117796439.95389855,0,97067.0,1970.0,270117.87
977,3,3,1915.0,33791539.338766575,-117796439.95389855,0,97067.0,1980.0,323979.31
978,1,1,710.0,33766249.68038043,-117805930.93748665,0,97005.0,1966.0,388938.4127440291
979,2,2,1242.0,33766249.68038043,-117805930.93748665,0,97005.0,1970.0,308577.79
980,3,3,1915.0,33766249.68038043,-117805930.93748665,0,97005.0,1980.0,424782.8565
981,1,1,710.0,33751778.237677656,-117992712.88714847,0,96990.0,1966.0,242104.0502777778
982,2,2,1242.0,33751778.237677656,-117992712.88714847,0,96990.0,1970.0,326320.83
983,3,3,1915.0,33751778.237677656,-117992712.88714847,0,96990.0,1980.0,364800.72
984,1,1,710.0,33764969.18285714,-117969586.54255639,0,97051.0,1966.0,276522.7991666667
985,2,2,1242.0,33764969.18285714,-117969586.54255639,0,97051.0,1970.0,221451.11
986,3,3,1915.0,33764969.18285714,-117969586.54255639,0,97051.0,1980.0,341793.36
987,1,1,710.0,33763365.12420168,-117932910.32436974,0,97050.0,1966.0,193442.42916666664
988,2,2,1242.0,33763365.12420168,-117932910.32436974,0,97050.0,1970.0,178154.88
989,3,3,1915.0,33763365.12420168,-117932910.32436974,0,97050.0,1980.0,317031.3028571428
990,1,1,710.0,33738607.639476724,-117816562.3033218,0,97016.0,1966.0,185870.68
991,2,2,1242.0,33738607.639476724,-117816562.3033218,0,97016.0,1970.0,282857.99333333335
992,3,3,1915.0,33738607.639476724,-117816562.3033218,0,97016.0,1980.0,366265.4733333334
993,1,1,710.0,33724250.218054675,-118008350.3061484,0,96965.0,1966.0,302053.61999999994
994,2,2,1242.0,33724250.218054675,-118008350.3061484,0,96965.0,1970.0,416659.21
995,3,3,1915.0,33724250.218054675,-118008350.3061484,0,96965.0,1980.0,483496.3233333333
996,1,1,710.0,33709708.73894043,-117953329.25110932,0,97008.0,1966.0,177166.3
997,2,2,1242.0,33709708.73894043,-117953329.25110932,0,97008.0,1970.0,268099.72
998,3,3,1915.0,33709708.73894043,-117953329.25110932,0,97008.0,1980.0,344179.6983333333
999,1,1,710.0,33724936.078649394,-117905189.48148526,0,97004.0,1966.0,220581.5
1000,2,2,1242.0,33724936.078649394,-117905189.48148526,0,97004.0,1970.0,270174.78
1001,3,3,1915.0,33724936.078649394,-117905189.48148526,0,97004.0,1980.0,375648.1325
1002,1,1,710.0,33668392.05010399,-117966421.5596521,0,96964.0,1966.0,170645.41
1003,2,2,1242.0,33668392.05010399,-117966421.5596521,0,96964.0,1970.0,284711.02
1004,3,3,1915.0,33668392.05010399,-117966421.5596521,0,96964.0,1980.0,430023.04
1005,1,1,710.0,33646897.949371815,-117915066.76340342,0,96959.0,1966.0,284583.57
1006,2,2,1242.0,33646897.949371815,-117915066.76340342,0,96959.0,1970.0,403456.98
1007,3,3,1915.0,33646897.949371815,-117915066.76340342,0,96959.0,1980.0,487420.56799999997
1008,1,1,710.0,33502778.18404991,-117658883.43903431,0,96985.0,1966.0,990058.98
1009,2,2,1242.0,33502778.18404991,-117658883.43903431,0,96985.0,1970.0,228913.708
1010,3,3,1915.0,33502778.18404991,-117658883.43903431,0,96985.0,1980.0,426808.09
1011,1,1,710.0,33454878.11707317,-117653078.79024391,0,96956.0,1966.0,316453.87
1012,2,2,1242.0,33454878.11707317,-117653078.79024391,0,96956.0,1970.0,288813.9
1013,3,3,1915.0,33454878.11707317,-117653078.79024391,0,96956.0,1980.0,506409.59
1014,1,1,710.0,33783136.97222758,-118026551.05785921,0,97052.0,1966.0,523512.87006750674
1015,2,2,1242.0,33783136.97222758,-118026551.05785921,0,97052.0,1970.0,186199.17
1016,3,3,1915.0,33783136.97222758,-118026551.05785921,0,97052.0,1980.0,406265.42725
1017,1,1,710.0,33787894.41404871,-117973378.29615249,0,97048.0,1966.0,287693.8190757576
1018,2,2,1242.0,33787894.41404871,-117973378.29615249,0,97048.0,1970.0,230797.38
1019,3,3,1915.0,33787894.41404871,-117973378.29615249,0,97048.0,1980.0,399672.29125
1020,1,1,710.0,33815908.03275166,-118038713.69870196,0,96185.0,1966.0,268195.00705508416
1021,2,2,1242.0,33815908.03275166,-118038713.69870196,0,96185.0,1970.0,280824.3
1022,3,3,1915.0,33815908.03275166,-118038713.69870196,0,96185.0,1980.0,368817.98
1023,1,1,710.0,33679019.72044506,-117912826.06793624,0,96958.0,1966.0,170750.5055
1024,2,2,1242.0,33679019.72044506,-117912826.06793624,0,96958.0,1970.0,265277.88
1025,3,3,1915.0,33679019.72044506,-117912826.06793624,0,96958.0,1980.0,441021.78
1026,1,1,710.0,33719773.52991669,-118043375.22999242,0,96967.0,1966.0,316241.16
1027,2,2,1242.0,33719773.52991669,-118043375.22999242,0,96967.0,1970.0,272545.85
1028,3,3,1915.0,33719773.52991669,-118043375.22999242,0,96967.0,1980.0,476611.93
1029,1,1,710.0,33717932.69620253,-118070380.4978903,0,96226.0,1966.0,728490.3995
1030,2,2,1242.0,33717932.69620253,-118070380.4978903,0,96226.0,1970.0,417402.19
1031,3,3,1915.0,33717932.69620253,-118070380.4978903,0,96226.0,1980.0,692621.7933333333
1032,1,1,710.0,33847998.34885458,-118042463.40537849,0,96183.0,1966.0,300925.2555
1033,2,2,1242.0,33847998.34885458,-118042463.40537849,0,96183.0,1970.0,240131.72
1034,3,3,1915.0,33847998.34885458,-118042463.40537849,0,96183.0,1980.0,385061.66
1035,1,1,710.0,33925642.40792972,-117892648.0736331,0,97035.0,1966.0,280075.5972872341
1036,2,2,1242.0,33925642.40792972,-117892648.0736331,0,97035.0,1970.0,263654.63
1037,3,3,1915.0,33925642.40792972,-117892648.0736331,0,97035.0,1980.0,373440.2
1038,1,1,710.0,33890788.058155924,-117803277.75929086,0,97078.0,1966.0,251203.50440476192
1039,2,2,1242.0,33890788.058155924,-117803277.75929086,0,97078.0,1970.0,253653.26
1040,3,3,1915.0,33890788.058155924,-117803277.75929086,0,97078.0,1980.0,393850.19
1041,1,1,710.0,33880932.37163375,-117744127.28330341,0,97079.0,1966.0,254507.0794047619
1042,2,2,1242.0,33880932.37163375,-117744127.28330341,0,97079.0,1970.0,317493.34
1043,3,3,1915.0,33880932.37163375,-117744127.28330341,0,97079.0,1980.0,466098.32
1044,1,1,710.0,33884377.089464284,-117854705.00223215,0,97068.0,1966.0,234080.09095238094
1045,2,2,1242.0,33884377.089464284,-117854705.00223215,0,97068.0,1970.0,216030.37916666668
1046,3,3,1915.0,33884377.089464284,-117854705.00223215,0,97068.0,1980.0,394933.19
1047,1,1,710.0,33857475.872715116,-117742225.80004458,0,97027.0,1966.0,352278.8477380953
1048,2,2,1242.0,33857475.872715116,-117742225.80004458,0,97027.0,1970.0,240781.9866666667
1049,3,3,1915.0,33857475.872715116,-117742225.80004458,0,97027.0,1980.0,407316.89
1050,1,1,710.0,33832615.8128224,-117846155.74330631,0,97063.0,1966.0,296063.5276190476
1051,2,2,1242.0,33832615.8128224,-117846155.74330631,0,97063.0,1970.0,296643.9633333333
1052,3,3,1915.0,33832615.8128224,-117846155.74330631,0,97063.0,1980.0,352220.82
1053,1,1,710.0,33817304.72481203,-117809836.04160401,0,97059.0,1966.0,339540.01592869876
1054,2,2,1242.0,33817304.72481203,-117809836.04160401,0,97059.0,1970.0,284468.494
1055,3,3,1915.0,33817304.72481203,-117809836.04160401,0,97059.0,1980.0,399753.05
1056,1,1,710.0,33701439.55170135,-117797598.76841758,0,96943.0,1966.0,170626.06026190476
1057,2,2,1242.0,33701439.55170135,-117797598.76841758,0,96943.0,1970.0,292696.33
1058,3,3,1915.0,33701439.55170135,-117797598.76841758,0,96943.0,1980.0,485465.39
1059,1,1,710.0,33675045.55224404,-117814768.11360449,0,96948.0,1966.0,174896.1355
1060,2,2,1242.0,33675045.55224404,-117814768.11360449,0,96948.0,1970.0,281841.88
1061,3,3,1915.0,33675045.55224404,-117814768.11360449,0,96948.0,1980.0,526422.48
1062,1,1,710.0,33690672.77353289,-117786378.75265853,0,96941.0,1966.0,163615.1902619048
1063,2,2,1242.0,33690672.77353289,-117786378.75265853,0,96941.0,1970.0,252187.79
1064,3,3,1915.0,33690672.77353289,-117786378.75265853,0,96941.0,1980.0,440512.94
1065,1,1,710.0,33661627.613713,-117813673.67403522,0,96947.0,1966.0,279941.07
1066,2,2,1242.0,33661627.613713,-117813673.67403522,0,96947.0,1970.0,310204.86333333334
1067,3,3,1915.0,33661627.613713,-117813673.67403522,0,96947.0,1980.0,479557.49
1068,1,1,710.0,33600003.52189781,-117829032.40985401,0,96975.0,1966.0,847310.67
1069,2,2,1242.0,33600003.52189781,-117829032.40985401,0,96975.0,1970.0,1536850.96
1070,3,3,1915.0,33600003.52189781,-117829032.40985401,0,96975.0,1980.0,888494.93
1071,1,1,710.0,33636936.710857145,-117805524.46285714,0,96940.0,1966.0,311966.04
1072,2,2,1242.0,33636936.710857145,-117805524.46285714,0,96940.0,1970.0,315335.52
1073,3,3,1915.0,33636936.710857145,-117805524.46285714,0,96940.0,1980.0,552202.29
1074,1,1,710.0,33675222.59655832,-117754792.39388146,0,96952.0,1966.0,177940.54692857142
1075,2,2,1242.0,33675222.59655832,-117754792.39388146,0,96952.0,1970.0,360414.32
1076,3,3,1915.0,33675222.59655832,-117754792.39388146,0,96952.0,1980.0,480989.24
1077,1,1,710.0,33738191.38341969,-117787757.55757052,0,97018.0,1966.0,251050.4314285714
1078,2,2,1242.0,33738191.38341969,-117787757.55757052,0,97018.0,1970.0,305704.4
1079,3,3,1915.0,33738191.38341969,-117787757.55757052,0,97018.0,1980.0,455648.61
1080,1,1,710.0,33712046.78259217,-117760824.5568225,0,96954.0,1966.0,176097.82776190477
1081,2,2,1242.0,33712046.78259217,-117760824.5568225,0,96954.0,1970.0,306807.37
1082,3,3,1915.0,33712046.78259217,-117760824.5568225,0,96954.0,1980.0,451706.75
1083,1,1,710.0,33732092.19881616,-117771500.65320334,0,96939.0,1966.0,209832.83389826838
1084,2,2,1242.0,33732092.19881616,-117771500.65320334,0,96939.0,1970.0,339152.86
1085,3,3,1915.0,33732092.19881616,-117771500.65320334,0,96939.0,1980.0,482180.71
1086,1,1,710.0,33685842.56342062,-117659065.59247136,0,96946.0,1966.0,170821.75526190473
1087,2,2,1242.0,33685842.56342062,-117659065.59247136,0,96946.0,1970.0,283423.9
1088,3,3,1915.0,33685842.56342062,-117659065.59247136,0,96946.0,1980.0,447794.26
1089,1,1,710.0,33617818.258410044,-117597754.12451883,0,96989.0,1966.0,196834.15797619044
1090,2,2,1242.0,33617818.258410044,-117597754.12451883,0,96989.0,1970.0,347545.82
1091,3,3,1915.0,33617818.258410044,-117597754.12451883,0,96989.0,1980.0,368032.86
1092,1,1,710.0,33639316.521252,-117690722.23857372,0,96962.0,1966.0,473446.5716581253
1093,2,2,1242.0,33639316.521252,-117690722.23857372,0,96962.0,1970.0,260373.86
1094,3,3,1915.0,33639316.521252,-117690722.23857372,0,96962.0,1980.0,431264.9
1095,1,1,710.0,33589409.18270931,-117693875.93845412,0,96971.0,1966.0,661690.3998571428
1096,2,2,1242.0,33589409.18270931,-117693875.93845412,0,96971.0,1970.0,300007.6
1097,3,3,1915.0,33589409.18270931,-117693875.93845412,0,96971.0,1980.0,454180.77
1098,1,1,710.0,33615558.811420456,-117663737.47416988,0,96995.0,1966.0,218030.3477282913
1099,2,2,1242.0,33615558.811420456,-117663737.47416988,0,96995.0,1970.0,320929.55
1100,3,3,1915.0,33615558.811420456,-117663737.47416988,0,96995.0,1980.0,392874.72
1101,1,1,710.0,33583750.703348786,-117728269.95249872,0,96974.0,1966.0,247452.71708333332
1102,2,2,1242.0,33583750.703348786,-117728269.95249872,0,96974.0,1970.0,301112.53
1103,3,3,1915.0,33583750.703348786,-117728269.95249872,0,96974.0,1980.0,535967.45
1104,1,1,710.0,33528300.038076922,-117701992.87711538,0,96987.0,1966.0,226710.48883333334
1105,2,2,1242.0,33528300.038076922,-117701992.87711538,0,96987.0,1970.0,326937.32
1106,3,3,1915.0,33528300.038076922,-117701992.87711538,0,96987.0,1980.0,494898.26
1107,1,1,710.0,33478376.919712402,-117702217.47573397,0,96961.0,1966.0,400147.0
1108,2,2,1242.0,33478376.919712402,-117702217.47573397,0,96961.0,1970.0,317983.63
1109,3,3,1915.0,33478376.919712402,-117702217.47573397,0,96961.0,1980.0,503726.2
1110,1,1,710.0,33466226.73249527,-117615824.79805353,0,96983.0,1966.0,478607.87499999994
1111,2,2,1242.0,33466226.73249527,-117615824.79805353,0,96983.0,1970.0,348191.39
1112,3,3,1915.0,33466226.73249527,-117615824.79805353,0,96983.0,1980.0,505200.49
1113,1,1,710.0,33612110.98320765,-117641069.93663998,0,96996.0,1966.0,204718.13439495803
1114,2,2,1242.0,33612110.98320765,-117641069.93663998,0,96996.0,1970.0,279623.12
1115,3,3,1915.0,33612110.98320765,-117641069.93663998,0,96996.0,1980.0,400724.7
1116,1,1,710.0,33632068.73583435,-117609608.6897473,0,96993.0,1966.0,198321.87130952382
1117,2,2,1242.0,33632068.73583435,-117609608.6897473,0,96993.0,1970.0,359727.26
1118,3,3,1915.0,33632068.73583435,-117609608.6897473,0,96993.0,1980.0,355720.34
1119,1,1,710.0,33729394.33928572,-117623123.98214285,0,96986.0,1966.0,189378.45
1120,2,2,1242.0,33729394.33928572,-117623123.98214285,0,96986.0,1970.0,290428.34
1121,3,3,1915.0,33729394.33928572,-117623123.98214285,0,96986.0,1980.0,417260.47
1122,1,1,710.0,33551559.751806684,-117636927.79245709,0,96998.0,1966.0,196741.95893650793
1123,2,2,1242.0,33551559.751806684,-117636927.79245709,0,96998.0,1970.0,318506.93
1124,3,3,1915.0,33551559.751806684,-117636927.79245709,0,96998.0,1980.0,477009.8
1125,1,1,710.0,33922098.52764761,-117838750.16401124,0,97037.0,1966.0,259106.56349206352
1126,2,2,1242.0,33922098.52764761,-117838750.16401124,0,97037.0,1970.0,301040.6573333333
1127,3,3,1915.0,33922098.52764761,-117838750.16401124,0,97037.0,1980.0,443165.84
1128,1,1,710.0,33638068.77992278,-117837458.92277992,0,96951.0,1966.0,393097.43
1129,2,2,1242.0,33638068.77992278,-117837458.92277992,0,96951.0,1970.0,333520.84
1130,3,3,1915.0,33638068.77992278,-117837458.92277992,0,96951.0,1980.0,537570.02
1131,1,1,710.0,33972211.671473354,-118425215.59247649,0,96072.0,1966.0,207994.28839016092
1132,2,2,1242.0,33972211.671473354,-118425215.59247649,0,96072.0,1970.0,389651.40843434347
1133,3,3,1915.0,33972211.671473354,-118425215.59247649,0,96072.0,1980.0,572040.2575380952
1134,1,1,710.0,34044731.633103445,-118241059.67172414,0,95994.0,1966.0,147767.20499988852
1135,2,2,1242.0,34044731.633103445,-118241059.67172414,0,95994.0,1970.0,238095.11683333333
1136,3,3,1915.0,34044731.633103445,-118241059.67172414,0,95994.0,1980.0,317549.68583333335
1137,1,1,710.0,34050302.833333336,-118262269.20253165,0,95998.0,1966.0,275425.088621712
1138,2,2,1242.0,34050302.833333336,-118262269.20253165,0,95998.0,1970.0,504907.6083012707
1139,3,3,1915.0,34050302.833333336,-118262269.20253165,0,95998.0,1980.0,468303.71483333333
1140,1,1,710.0,34413931.25203252,-118791918.31707317,0,97108.0,1966.0,151719.74718759017
1141,2,2,1242.0,34413931.25203252,-118791918.31707317,0,97108.0,1970.0,192182.15
1142,3,3,1915.0,34413931.25203252,-118791918.31707317,0,97108.0,1980.0,337552.21
1143,1,1,710.0,33743666.541666664,-117979910.25,0,96973.0,1966.0,279303.8416666666
1144,2,2,1242.0,33743666.541666664,-117979910.25,0,96973.0,1970.0,277776.71
1145,3,3,1915.0,33743666.541666664,-117979910.25,0,96973.0,1980.0,424257.3223529412
1146,1,1,710.0,33614233.04651163,-117735996.39534883,0,96963.0,1966.0,396266.4588235294
1147,2,2,1242.0,33614233.04651163,-117735996.39534883,0,96963.0,1970.0,347227.62
1148,3,3,1915.0,33614233.04651163,-117735996.39534883,0,96963.0,1980.0,641130.98
1149,1,1,710.0,34778256.75,-118812109.75,0,97177.0,1966.0,169114.9316161616
1150,2,2,1242.0,34778256.75,-118812109.75,0,97177.0,1970.0,172161.48
1151,3,3,1915.0,34778256.75,-118812109.75,0,97177.0,1980.0,341220.3
1152,1,1,710.0,34154951.9,-119203230.0,0,97111.0,1966.0,191691.69650000002
1153,2,2,1242.0,34154951.9,-119203230.0,0,97111.0,1970.0,241684.35
1154,3,3,1915.0,34154951.9,-119203230.0,0,97111.0,1980.0,326030.49
1155,1,1,710.0,34359279.0,-117653074.5,0,96859.0,1966.0,246575.68244971166
1156,2,2,1242.0,34359279.0,-117653074.5,0,96859.0,1970.0,190794.47375
1157,3,3,1915.0,34359279.0,-117653074.5,0,96859.0,1980.0,413750.53666666674
1158,1,1,710.0,34812345.75,-118237638.5,0,97336.0,1966.0,140597.53
1159,2,2,1242.0,34812345.75,-118237638.5,0,97336.0,1970.0,142323.09
1160,3,3,1915.0,34812345.75,-118237638.5,0,97336.0,1980.0,208241.7
1161,1,1,710.0,34374451.39130435,-119474724.13043478,0,97092.0,1966.0,233053.28377777777
1162,2,2,1242.0,34374451.39130435,-119474724.13043478,0,97092.0,1970.0,342553.34
1163,3,3,1915.0,34374451.39130435,-119474724.13043478,0,97092.0,1980.0,1003151.91
1164,1,1,710.0,34410460.90909091,-117772074.63636364,0,97339.0,1966.0,125188.58
1165,2,2,1242.0,34410460.90909091,-117772074.63636364,0,97339.0,1970.0,144492.52
1166,3,3,1915.0,34410460.90909091,-117772074.63636364,0,97339.0,1980.0,195243.47
1167,1,1,710.0,34038384.0,-118707766.0,0,96114.0,1966.0,625530.6056064214
1168,2,2,1242.0,34038384.0,-118707766.0,0,96114.0,1970.0,999779.4356329255
1169,3,3,1915.0,34038384.0,-118707766.0,0,96114.0,1980.0,1494820.015
1170,1,1,710.0,34049000.0,-118528000.0,0,96034.0,1966.0,644191.1265588022
1171,2,2,1242.0,34049000.0,-118528000.0,0,96034.0,1970.0,417632.1788568882
1172,3,3,1915.0,34049000.0,-118528000.0,0,96034.0,1980.0,695105.1573333334
1173,1,1,710.0,34022987.0,-118283392.0,0,96069.0,1966.0,116957.24583333332
1174,2,2,1242.0,34022987.0,-118283392.0,0,96069.0,1970.0,214200.3225
1175,3,3,1915.0,34022987.0,-118283392.0,0,96069.0,1980.0,272272.2125
